config_id,recipe,size,run_id,seed,selected_step,schedule_label,schedule_basis
Falcon-with-cc-top-orig-10p__150M,Falcon-with-cc-top-orig-10p,150M,Falcon-with-cc-top-orig-10p__150M__seed-2__step-37500,2,37500,default,REPORTED (draft: seed 2 is the default run; auxiliary runs below 1B stop at 25 percent of the 1B budget); npz batch flag OBSERVED
Falcon-with-cc-top-orig-10p__150M,Falcon-with-cc-top-orig-10p,150M,Falcon-with-cc-top-orig-10p__150M__seed-14__step-37500,14,37500,auxiliary,REPORTED (draft: seed 2 is the default run; auxiliary runs below 1B stop at 25 percent of the 1B budget); npz batch flag OBSERVED
Falcon-with-cc-top-orig-10p__150M,Falcon-with-cc-top-orig-10p,150M,Falcon-with-cc-top-orig-10p__150M__seed-15__step-37500,15,37500,auxiliary,REPORTED (draft: seed 2 is the default run; auxiliary runs below 1B stop at 25 percent of the 1B budget); npz batch flag OBSERVED
Falcon-with-cc-top-orig-10p__1B,Falcon-with-cc-top-orig-10p,1B,Falcon-with-cc-top-orig-10p__1B__seed-2__step-69369,2,69369,default,REPORTED (draft: seed 2 is the default run; auxiliary runs below 1B stop at 25 percent of the 1B budget); npz batch flag OBSERVED
Falcon-with-cc-top-orig-10p__1B,Falcon-with-cc-top-orig-10p,1B,Falcon-with-cc-top-orig-10p__1B__seed-4__step-69369,4,69369,auxiliary,REPORTED (draft: seed 2 is the default run; auxiliary runs below 1B stop at 25 percent of the 1B budget); npz batch flag OBSERVED
Falcon-with-cc-top-orig-10p__1B,Falcon-with-cc-top-orig-10p,1B,Falcon-with-cc-top-orig-10p__1B__seed-5__step-69369,5,69369,auxiliary,REPORTED (draft: seed 2 is the default run; auxiliary runs below 1B stop at 25 percent of the 1B budget); npz batch flag OBSERVED
Falcon-with-cc-top-orig-10p__300M,Falcon-with-cc-top-orig-10p,300M,Falcon-with-cc-top-orig-10p__300M__seed-2__step-45000,2,45000,default,REPORTED (draft: seed 2 is the default run; auxiliary runs below 1B stop at 25 percent of the 1B budget); npz batch flag OBSERVED
Falcon-with-cc-top-orig-10p__300M,Falcon-with-cc-top-orig-10p,300M,Falcon-with-cc-top-orig-10p__300M__seed-14__step-45000,14,45000,auxiliary,REPORTED (draft: seed 2 is the default run; auxiliary runs below 1B stop at 25 percent of the 1B budget); npz batch flag OBSERVED
Falcon-with-cc-top-orig-10p__300M,Falcon-with-cc-top-orig-10p,300M,Falcon-with-cc-top-orig-10p__300M__seed-15__step-45000,15,45000,auxiliary,REPORTED (draft: seed 2 is the default run; auxiliary runs below 1B stop at 25 percent of the 1B budget); npz batch flag OBSERVED
Falcon-with-cc-top-orig-10p__530M,Falcon-with-cc-top-orig-10p,530M,Falcon-with-cc-top-orig-10p__530M__seed-2__step-51250,2,51250,default,REPORTED (draft: seed 2 is the default run; auxiliary runs below 1B stop at 25 percent of the 1B budget); npz batch flag OBSERVED
Falcon-with-cc-top-orig-10p__530M,Falcon-with-cc-top-orig-10p,530M,Falcon-with-cc-top-orig-10p__530M__seed-14__step-51250,14,51250,auxiliary,REPORTED (draft: seed 2 is the default run; auxiliary runs below 1B stop at 25 percent of the 1B budget); npz batch flag OBSERVED
Falcon-with-cc-top-orig-10p__530M,Falcon-with-cc-top-orig-10p,530M,Falcon-with-cc-top-orig-10p__530M__seed-15__step-51250,15,51250,auxiliary,REPORTED (draft: seed 2 is the default run; auxiliary runs below 1B stop at 25 percent of the 1B budget); npz batch flag OBSERVED
Falcon-with-cc-top-orig-10p__750M,Falcon-with-cc-top-orig-10p,750M,Falcon-with-cc-top-orig-10p__750M__seed-2__step-27500,2,27500,default,REPORTED (draft: seed 2 is the default run; auxiliary runs below 1B stop at 25 percent of the 1B budget); npz batch flag OBSERVED
Falcon-with-cc-top-orig-10p__750M,Falcon-with-cc-top-orig-10p,750M,Falcon-with-cc-top-orig-10p__750M__seed-14__step-27500,14,27500,auxiliary,REPORTED (draft: seed 2 is the default run; auxiliary runs below 1B stop at 25 percent of the 1B budget); npz batch flag OBSERVED
Falcon-with-cc-top-orig-10p__750M,Falcon-with-cc-top-orig-10p,750M,Falcon-with-cc-top-orig-10p__750M__seed-15__step-27500,15,27500,auxiliary,REPORTED (draft: seed 2 is the default run; auxiliary runs below 1B stop at 25 percent of the 1B budget); npz batch flag OBSERVED
Falcon-with-cc-top-tulu-10p__150M,Falcon-with-cc-top-tulu-10p,150M,Falcon-with-cc-top-tulu-10p__150M__seed-2__step-38157,2,38157,default,REPORTED (draft: seed 2 is the default run; auxiliary runs below 1B stop at 25 percent of the 1B budget); npz batch flag OBSERVED
Falcon-with-cc-top-tulu-10p__150M,Falcon-with-cc-top-tulu-10p,150M,Falcon-with-cc-top-tulu-10p__150M__seed-14__step-38157,14,38157,auxiliary,REPORTED (draft: seed 2 is the default run; auxiliary runs below 1B stop at 25 percent of the 1B budget); npz batch flag OBSERVED
Falcon-with-cc-top-tulu-10p__150M,Falcon-with-cc-top-tulu-10p,150M,Falcon-with-cc-top-tulu-10p__150M__seed-15__step-38157,15,38157,auxiliary,REPORTED (draft: seed 2 is the default run; auxiliary runs below 1B stop at 25 percent of the 1B budget); npz batch flag OBSERVED
Falcon-with-cc-top-tulu-10p__1B,Falcon-with-cc-top-tulu-10p,1B,Falcon-with-cc-top-tulu-10p__1B__seed-2__step-69369,2,69369,default,REPORTED (draft: seed 2 is the default run; auxiliary runs below 1B stop at 25 percent of the 1B budget); npz batch flag OBSERVED
Falcon-with-cc-top-tulu-10p__1B,Falcon-with-cc-top-tulu-10p,1B,Falcon-with-cc-top-tulu-10p__1B__seed-4__step-69369,4,69369,auxiliary,REPORTED (draft: seed 2 is the default run; auxiliary runs below 1B stop at 25 percent of the 1B budget); npz batch flag OBSERVED
Falcon-with-cc-top-tulu-10p__1B,Falcon-with-cc-top-tulu-10p,1B,Falcon-with-cc-top-tulu-10p__1B__seed-5__step-69369,5,69369,auxiliary,REPORTED (draft: seed 2 is the default run; auxiliary runs below 1B stop at 25 percent of the 1B budget); npz batch flag OBSERVED
Falcon-with-cc-top-tulu-10p__300M,Falcon-with-cc-top-tulu-10p,300M,Falcon-with-cc-top-tulu-10p__300M__seed-2__step-45000,2,45000,default,REPORTED (draft: seed 2 is the default run; auxiliary runs below 1B stop at 25 percent of the 1B budget); npz batch flag OBSERVED
Falcon-with-cc-top-tulu-10p__300M,Falcon-with-cc-top-tulu-10p,300M,Falcon-with-cc-top-tulu-10p__300M__seed-14__step-45000,14,45000,auxiliary,REPORTED (draft: seed 2 is the default run; auxiliary runs below 1B stop at 25 percent of the 1B budget); npz batch flag OBSERVED
Falcon-with-cc-top-tulu-10p__300M,Falcon-with-cc-top-tulu-10p,300M,Falcon-with-cc-top-tulu-10p__300M__seed-15__step-45000,15,45000,auxiliary,REPORTED (draft: seed 2 is the default run; auxiliary runs below 1B stop at 25 percent of the 1B budget); npz batch flag OBSERVED
Falcon-with-cc-top-tulu-10p__530M,Falcon-with-cc-top-tulu-10p,530M,Falcon-with-cc-top-tulu-10p__530M__seed-2__step-51250,2,51250,default,REPORTED (draft: seed 2 is the default run; auxiliary runs below 1B stop at 25 percent of the 1B budget); npz batch flag OBSERVED
Falcon-with-cc-top-tulu-10p__530M,Falcon-with-cc-top-tulu-10p,530M,Falcon-with-cc-top-tulu-10p__530M__seed-14__step-51250,14,51250,auxiliary,REPORTED (draft: seed 2 is the default run; auxiliary runs below 1B stop at 25 percent of the 1B budget); npz batch flag OBSERVED
Falcon-with-cc-top-tulu-10p__530M,Falcon-with-cc-top-tulu-10p,530M,Falcon-with-cc-top-tulu-10p__530M__seed-15__step-51250,15,51250,auxiliary,REPORTED (draft: seed 2 is the default run; auxiliary runs below 1B stop at 25 percent of the 1B budget); npz batch flag OBSERVED
Falcon-with-cc-top-tulu-10p__750M,Falcon-with-cc-top-tulu-10p,750M,Falcon-with-cc-top-tulu-10p__750M__seed-2__step-27500,2,27500,default,REPORTED (draft: seed 2 is the default run; auxiliary runs below 1B stop at 25 percent of the 1B budget); npz batch flag OBSERVED
Falcon-with-cc-top-tulu-10p__750M,Falcon-with-cc-top-tulu-10p,750M,Falcon-with-cc-top-tulu-10p__750M__seed-14__step-27500,14,27500,auxiliary,REPORTED (draft: seed 2 is the default run; auxiliary runs below 1B stop at 25 percent of the 1B budget); npz batch flag OBSERVED
Falcon-with-cc-top-tulu-10p__750M,Falcon-with-cc-top-tulu-10p,750M,Falcon-with-cc-top-tulu-10p__750M__seed-15__step-27500,15,27500,auxiliary,REPORTED (draft: seed 2 is the default run; auxiliary runs below 1B stop at 25 percent of the 1B budget); npz batch flag OBSERVED
c4__150M,c4,150M,c4__150M__seed-2__step-37500,2,37500,default,REPORTED (draft: seed 2 is the default run; auxiliary runs below 1B stop at 25 percent of the 1B budget); npz batch flag OBSERVED
c4__150M,c4,150M,c4__150M__seed-14__step-37500,14,37500,auxiliary,REPORTED (draft: seed 2 is the default run; auxiliary runs below 1B stop at 25 percent of the 1B budget); npz batch flag OBSERVED
c4__150M,c4,150M,c4__150M__seed-15__step-37500,15,37500,auxiliary,REPORTED (draft: seed 2 is the default run; auxiliary runs below 1B stop at 25 percent of the 1B budget); npz batch flag OBSERVED
c4__1B,c4,1B,c4__1B__seed-2__step-69369,2,69369,default,REPORTED (draft: seed 2 is the default run; auxiliary runs below 1B stop at 25 percent of the 1B budget); npz batch flag OBSERVED
c4__1B,c4,1B,c4__1B__seed-4__step-69369,4,69369,auxiliary,REPORTED (draft: seed 2 is the default run; auxiliary runs below 1B stop at 25 percent of the 1B budget); npz batch flag OBSERVED
c4__1B,c4,1B,c4__1B__seed-5__step-69369,5,69369,auxiliary,REPORTED (draft: seed 2 is the default run; auxiliary runs below 1B stop at 25 percent of the 1B budget); npz batch flag OBSERVED
c4__300M,c4,300M,c4__300M__seed-2__step-45000,2,45000,default,REPORTED (draft: seed 2 is the default run; auxiliary runs below 1B stop at 25 percent of the 1B budget); npz batch flag OBSERVED
c4__300M,c4,300M,c4__300M__seed-14__step-45000,14,45000,auxiliary,REPORTED (draft: seed 2 is the default run; auxiliary runs below 1B stop at 25 percent of the 1B budget); npz batch flag OBSERVED
c4__300M,c4,300M,c4__300M__seed-15__step-45000,15,45000,auxiliary,REPORTED (draft: seed 2 is the default run; auxiliary runs below 1B stop at 25 percent of the 1B budget); npz batch flag OBSERVED
c4__530M,c4,530M,c4__530M__seed-2__step-51250,2,51250,default,REPORTED (draft: seed 2 is the default run; auxiliary runs below 1B stop at 25 percent of the 1B budget); npz batch flag OBSERVED
c4__530M,c4,530M,c4__530M__seed-14__step-51250,14,51250,auxiliary,REPORTED (draft: seed 2 is the default run; auxiliary runs below 1B stop at 25 percent of the 1B budget); npz batch flag OBSERVED
c4__530M,c4,530M,c4__530M__seed-15__step-51250,15,51250,auxiliary,REPORTED (draft: seed 2 is the default run; auxiliary runs below 1B stop at 25 percent of the 1B budget); npz batch flag OBSERVED
c4__750M,c4,750M,c4__750M__seed-2__step-27500,2,27500,default,REPORTED (draft: seed 2 is the default run; auxiliary runs below 1B stop at 25 percent of the 1B budget); npz batch flag OBSERVED
c4__750M,c4,750M,c4__750M__seed-14__step-27500,14,27500,auxiliary,REPORTED (draft: seed 2 is the default run; auxiliary runs below 1B stop at 25 percent of the 1B budget); npz batch flag OBSERVED
c4__750M,c4,750M,c4__750M__seed-15__step-27500,15,27500,auxiliary,REPORTED (draft: seed 2 is the default run; auxiliary runs below 1B stop at 25 percent of the 1B budget); npz batch flag OBSERVED
dclm-baseline__150M,dclm-baseline,150M,dclm-baseline__150M__seed-2__step-37500,2,37500,default,REPORTED (draft: seed 2 is the default run; auxiliary runs below 1B stop at 25 percent of the 1B budget); npz batch flag OBSERVED
dclm-baseline__150M,dclm-baseline,150M,dclm-baseline__150M__seed-14__step-37500,14,37500,auxiliary,REPORTED (draft: seed 2 is the default run; auxiliary runs below 1B stop at 25 percent of the 1B budget); npz batch flag OBSERVED
dclm-baseline__150M,dclm-baseline,150M,dclm-baseline__150M__seed-15__step-37500,15,37500,auxiliary,REPORTED (draft: seed 2 is the default run; auxiliary runs below 1B stop at 25 percent of the 1B budget); npz batch flag OBSERVED
dclm-baseline__1B,dclm-baseline,1B,dclm-baseline__1B__seed-2__step-69369,2,69369,default,REPORTED (draft: seed 2 is the default run; auxiliary runs below 1B stop at 25 percent of the 1B budget); npz batch flag OBSERVED
dclm-baseline__1B,dclm-baseline,1B,dclm-baseline__1B__seed-4__step-69369,4,69369,auxiliary,REPORTED (draft: seed 2 is the default run; auxiliary runs below 1B stop at 25 percent of the 1B budget); npz batch flag OBSERVED
dclm-baseline__1B,dclm-baseline,1B,dclm-baseline__1B__seed-5__step-69369,5,69369,auxiliary,REPORTED (draft: seed 2 is the default run; auxiliary runs below 1B stop at 25 percent of the 1B budget); npz batch flag OBSERVED
dclm-baseline__300M,dclm-baseline,300M,dclm-baseline__300M__seed-2__step-45000,2,45000,default,REPORTED (draft: seed 2 is the default run; auxiliary runs below 1B stop at 25 percent of the 1B budget); npz batch flag OBSERVED
dclm-baseline__300M,dclm-baseline,300M,dclm-baseline__300M__seed-14__step-45000,14,45000,auxiliary,REPORTED (draft: seed 2 is the default run; auxiliary runs below 1B stop at 25 percent of the 1B budget); npz batch flag OBSERVED
dclm-baseline__300M,dclm-baseline,300M,dclm-baseline__300M__seed-15__step-45000,15,45000,auxiliary,REPORTED (draft: seed 2 is the default run; auxiliary runs below 1B stop at 25 percent of the 1B budget); npz batch flag OBSERVED
dclm-baseline__530M,dclm-baseline,530M,dclm-baseline__530M__seed-2__step-51250,2,51250,default,REPORTED (draft: seed 2 is the default run; auxiliary runs below 1B stop at 25 percent of the 1B budget); npz batch flag OBSERVED
dclm-baseline__530M,dclm-baseline,530M,dclm-baseline__530M__seed-14__step-51250,14,51250,auxiliary,REPORTED (draft: seed 2 is the default run; auxiliary runs below 1B stop at 25 percent of the 1B budget); npz batch flag OBSERVED
dclm-baseline__530M,dclm-baseline,530M,dclm-baseline__530M__seed-15__step-51250,15,51250,auxiliary,REPORTED (draft: seed 2 is the default run; auxiliary runs below 1B stop at 25 percent of the 1B budget); npz batch flag OBSERVED
dclm-baseline__750M,dclm-baseline,750M,dclm-baseline__750M__seed-2__step-27500,2,27500,default,REPORTED (draft: seed 2 is the default run; auxiliary runs below 1B stop at 25 percent of the 1B budget); npz batch flag OBSERVED
dclm-baseline__750M,dclm-baseline,750M,dclm-baseline__750M__seed-14__step-27500,14,27500,auxiliary,REPORTED (draft: seed 2 is the default run; auxiliary runs below 1B stop at 25 percent of the 1B budget); npz batch flag OBSERVED
dclm-baseline__750M,dclm-baseline,750M,dclm-baseline__750M__seed-15__step-27500,15,27500,auxiliary,REPORTED (draft: seed 2 is the default run; auxiliary runs below 1B stop at 25 percent of the 1B budget); npz batch flag OBSERVED
dclm-baseline-25p-dolma1.7-75p__150M,dclm-baseline-25p-dolma1.7-75p,150M,dclm-baseline-25p-dolma1.7-75p__150M__seed-2__step-37500,2,37500,default,REPORTED (draft: seed 2 is the default run; auxiliary runs below 1B stop at 25 percent of the 1B budget); npz batch flag OBSERVED
dclm-baseline-25p-dolma1.7-75p__150M,dclm-baseline-25p-dolma1.7-75p,150M,dclm-baseline-25p-dolma1.7-75p__150M__seed-14__step-37500,14,37500,auxiliary,REPORTED (draft: seed 2 is the default run; auxiliary runs below 1B stop at 25 percent of the 1B budget); npz batch flag OBSERVED
dclm-baseline-25p-dolma1.7-75p__150M,dclm-baseline-25p-dolma1.7-75p,150M,dclm-baseline-25p-dolma1.7-75p__150M__seed-15__step-37500,15,37500,auxiliary,REPORTED (draft: seed 2 is the default run; auxiliary runs below 1B stop at 25 percent of the 1B budget); npz batch flag OBSERVED
dclm-baseline-25p-dolma1.7-75p__1B,dclm-baseline-25p-dolma1.7-75p,1B,dclm-baseline-25p-dolma1.7-75p__1B__seed-2__step-69369,2,69369,default,REPORTED (draft: seed 2 is the default run; auxiliary runs below 1B stop at 25 percent of the 1B budget); npz batch flag OBSERVED
dclm-baseline-25p-dolma1.7-75p__1B,dclm-baseline-25p-dolma1.7-75p,1B,dclm-baseline-25p-dolma1.7-75p__1B__seed-4__step-69369,4,69369,auxiliary,REPORTED (draft: seed 2 is the default run; auxiliary runs below 1B stop at 25 percent of the 1B budget); npz batch flag OBSERVED
dclm-baseline-25p-dolma1.7-75p__1B,dclm-baseline-25p-dolma1.7-75p,1B,dclm-baseline-25p-dolma1.7-75p__1B__seed-5__step-69369,5,69369,auxiliary,REPORTED (draft: seed 2 is the default run; auxiliary runs below 1B stop at 25 percent of the 1B budget); npz batch flag OBSERVED
dclm-baseline-25p-dolma1.7-75p__300M,dclm-baseline-25p-dolma1.7-75p,300M,dclm-baseline-25p-dolma1.7-75p__300M__seed-2__step-45000,2,45000,default,REPORTED (draft: seed 2 is the default run; auxiliary runs below 1B stop at 25 percent of the 1B budget); npz batch flag OBSERVED
dclm-baseline-25p-dolma1.7-75p__300M,dclm-baseline-25p-dolma1.7-75p,300M,dclm-baseline-25p-dolma1.7-75p__300M__seed-14__step-45000,14,45000,auxiliary,REPORTED (draft: seed 2 is the default run; auxiliary runs below 1B stop at 25 percent of the 1B budget); npz batch flag OBSERVED
dclm-baseline-25p-dolma1.7-75p__300M,dclm-baseline-25p-dolma1.7-75p,300M,dclm-baseline-25p-dolma1.7-75p__300M__seed-15__step-45000,15,45000,auxiliary,REPORTED (draft: seed 2 is the default run; auxiliary runs below 1B stop at 25 percent of the 1B budget); npz batch flag OBSERVED
dclm-baseline-25p-dolma1.7-75p__530M,dclm-baseline-25p-dolma1.7-75p,530M,dclm-baseline-25p-dolma1.7-75p__530M__seed-2__step-51250,2,51250,default,REPORTED (draft: seed 2 is the default run; auxiliary runs below 1B stop at 25 percent of the 1B budget); npz batch flag OBSERVED
dclm-baseline-25p-dolma1.7-75p__530M,dclm-baseline-25p-dolma1.7-75p,530M,dclm-baseline-25p-dolma1.7-75p__530M__seed-14__step-51250,14,51250,auxiliary,REPORTED (draft: seed 2 is the default run; auxiliary runs below 1B stop at 25 percent of the 1B budget); npz batch flag OBSERVED
dclm-baseline-25p-dolma1.7-75p__530M,dclm-baseline-25p-dolma1.7-75p,530M,dclm-baseline-25p-dolma1.7-75p__530M__seed-15__step-51250,15,51250,auxiliary,REPORTED (draft: seed 2 is the default run; auxiliary runs below 1B stop at 25 percent of the 1B budget); npz batch flag OBSERVED
dclm-baseline-25p-dolma1.7-75p__750M,dclm-baseline-25p-dolma1.7-75p,750M,dclm-baseline-25p-dolma1.7-75p__750M__seed-2__step-27500,2,27500,default,REPORTED (draft: seed 2 is the default run; auxiliary runs below 1B stop at 25 percent of the 1B budget); npz batch flag OBSERVED
dclm-baseline-25p-dolma1.7-75p__750M,dclm-baseline-25p-dolma1.7-75p,750M,dclm-baseline-25p-dolma1.7-75p__750M__seed-14__step-27500,14,27500,auxiliary,REPORTED (draft: seed 2 is the default run; auxiliary runs below 1B stop at 25 percent of the 1B budget); npz batch flag OBSERVED
dclm-baseline-25p-dolma1.7-75p__750M,dclm-baseline-25p-dolma1.7-75p,750M,dclm-baseline-25p-dolma1.7-75p__750M__seed-15__step-27500,15,27500,auxiliary,REPORTED (draft: seed 2 is the default run; auxiliary runs below 1B stop at 25 percent of the 1B budget); npz batch flag OBSERVED
dclm-baseline-50p-dolma1.7-50p__150M,dclm-baseline-50p-dolma1.7-50p,150M,dclm-baseline-50p-dolma1.7-50p__150M__seed-2__step-37500,2,37500,default,REPORTED (draft: seed 2 is the default run; auxiliary runs below 1B stop at 25 percent of the 1B budget); npz batch flag OBSERVED
dclm-baseline-50p-dolma1.7-50p__150M,dclm-baseline-50p-dolma1.7-50p,150M,dclm-baseline-50p-dolma1.7-50p__150M__seed-14__step-37500,14,37500,auxiliary,REPORTED (draft: seed 2 is the default run; auxiliary runs below 1B stop at 25 percent of the 1B budget); npz batch flag OBSERVED
dclm-baseline-50p-dolma1.7-50p__150M,dclm-baseline-50p-dolma1.7-50p,150M,dclm-baseline-50p-dolma1.7-50p__150M__seed-15__step-37500,15,37500,auxiliary,REPORTED (draft: seed 2 is the default run; auxiliary runs below 1B stop at 25 percent of the 1B budget); npz batch flag OBSERVED
dclm-baseline-50p-dolma1.7-50p__1B,dclm-baseline-50p-dolma1.7-50p,1B,dclm-baseline-50p-dolma1.7-50p__1B__seed-2__step-69369,2,69369,default,REPORTED (draft: seed 2 is the default run; auxiliary runs below 1B stop at 25 percent of the 1B budget); npz batch flag OBSERVED
dclm-baseline-50p-dolma1.7-50p__1B,dclm-baseline-50p-dolma1.7-50p,1B,dclm-baseline-50p-dolma1.7-50p__1B__seed-4__step-69369,4,69369,auxiliary,REPORTED (draft: seed 2 is the default run; auxiliary runs below 1B stop at 25 percent of the 1B budget); npz batch flag OBSERVED
dclm-baseline-50p-dolma1.7-50p__1B,dclm-baseline-50p-dolma1.7-50p,1B,dclm-baseline-50p-dolma1.7-50p__1B__seed-5__step-69369,5,69369,auxiliary,REPORTED (draft: seed 2 is the default run; auxiliary runs below 1B stop at 25 percent of the 1B budget); npz batch flag OBSERVED
dclm-baseline-50p-dolma1.7-50p__300M,dclm-baseline-50p-dolma1.7-50p,300M,dclm-baseline-50p-dolma1.7-50p__300M__seed-2__step-45000,2,45000,default,REPORTED (draft: seed 2 is the default run; auxiliary runs below 1B stop at 25 percent of the 1B budget); npz batch flag OBSERVED
dclm-baseline-50p-dolma1.7-50p__300M,dclm-baseline-50p-dolma1.7-50p,300M,dclm-baseline-50p-dolma1.7-50p__300M__seed-14__step-45000,14,45000,auxiliary,REPORTED (draft: seed 2 is the default run; auxiliary runs below 1B stop at 25 percent of the 1B budget); npz batch flag OBSERVED
dclm-baseline-50p-dolma1.7-50p__300M,dclm-baseline-50p-dolma1.7-50p,300M,dclm-baseline-50p-dolma1.7-50p__300M__seed-15__step-45000,15,45000,auxiliary,REPORTED (draft: seed 2 is the default run; auxiliary runs below 1B stop at 25 percent of the 1B budget); npz batch flag OBSERVED
dclm-baseline-50p-dolma1.7-50p__530M,dclm-baseline-50p-dolma1.7-50p,530M,dclm-baseline-50p-dolma1.7-50p__530M__seed-2__step-51250,2,51250,default,REPORTED (draft: seed 2 is the default run; auxiliary runs below 1B stop at 25 percent of the 1B budget); npz batch flag OBSERVED
dclm-baseline-50p-dolma1.7-50p__530M,dclm-baseline-50p-dolma1.7-50p,530M,dclm-baseline-50p-dolma1.7-50p__530M__seed-14__step-51250,14,51250,auxiliary,REPORTED (draft: seed 2 is the default run; auxiliary runs below 1B stop at 25 percent of the 1B budget); npz batch flag OBSERVED
dclm-baseline-50p-dolma1.7-50p__530M,dclm-baseline-50p-dolma1.7-50p,530M,dclm-baseline-50p-dolma1.7-50p__530M__seed-15__step-51250,15,51250,auxiliary,REPORTED (draft: seed 2 is the default run; auxiliary runs below 1B stop at 25 percent of the 1B budget); npz batch flag OBSERVED
dclm-baseline-50p-dolma1.7-50p__750M,dclm-baseline-50p-dolma1.7-50p,750M,dclm-baseline-50p-dolma1.7-50p__750M__seed-2__step-27500,2,27500,default,REPORTED (draft: seed 2 is the default run; auxiliary runs below 1B stop at 25 percent of the 1B budget); npz batch flag OBSERVED
dclm-baseline-50p-dolma1.7-50p__750M,dclm-baseline-50p-dolma1.7-50p,750M,dclm-baseline-50p-dolma1.7-50p__750M__seed-14__step-27500,14,27500,auxiliary,REPORTED (draft: seed 2 is the default run; auxiliary runs below 1B stop at 25 percent of the 1B budget); npz batch flag OBSERVED
dclm-baseline-50p-dolma1.7-50p__750M,dclm-baseline-50p-dolma1.7-50p,750M,dclm-baseline-50p-dolma1.7-50p__750M__seed-15__step-27500,15,27500,auxiliary,REPORTED (draft: seed 2 is the default run; auxiliary runs below 1B stop at 25 percent of the 1B budget); npz batch flag OBSERVED
dclm-baseline-75p-dolma1.7-25p__150M,dclm-baseline-75p-dolma1.7-25p,150M,dclm-baseline-75p-dolma1.7-25p__150M__seed-2__step-37500,2,37500,default,REPORTED (draft: seed 2 is the default run; auxiliary runs below 1B stop at 25 percent of the 1B budget); npz batch flag OBSERVED
dclm-baseline-75p-dolma1.7-25p__150M,dclm-baseline-75p-dolma1.7-25p,150M,dclm-baseline-75p-dolma1.7-25p__150M__seed-14__step-37500,14,37500,auxiliary,REPORTED (draft: seed 2 is the default run; auxiliary runs below 1B stop at 25 percent of the 1B budget); npz batch flag OBSERVED
dclm-baseline-75p-dolma1.7-25p__150M,dclm-baseline-75p-dolma1.7-25p,150M,dclm-baseline-75p-dolma1.7-25p__150M__seed-15__step-37500,15,37500,auxiliary,REPORTED (draft: seed 2 is the default run; auxiliary runs below 1B stop at 25 percent of the 1B budget); npz batch flag OBSERVED
dclm-baseline-75p-dolma1.7-25p__1B,dclm-baseline-75p-dolma1.7-25p,1B,dclm-baseline-75p-dolma1.7-25p__1B__seed-2__step-69369,2,69369,default,REPORTED (draft: seed 2 is the default run; auxiliary runs below 1B stop at 25 percent of the 1B budget); npz batch flag OBSERVED
dclm-baseline-75p-dolma1.7-25p__1B,dclm-baseline-75p-dolma1.7-25p,1B,dclm-baseline-75p-dolma1.7-25p__1B__seed-4__step-69369,4,69369,auxiliary,REPORTED (draft: seed 2 is the default run; auxiliary runs below 1B stop at 25 percent of the 1B budget); npz batch flag OBSERVED
dclm-baseline-75p-dolma1.7-25p__1B,dclm-baseline-75p-dolma1.7-25p,1B,dclm-baseline-75p-dolma1.7-25p__1B__seed-5__step-69369,5,69369,auxiliary,REPORTED (draft: seed 2 is the default run; auxiliary runs below 1B stop at 25 percent of the 1B budget); npz batch flag OBSERVED
dclm-baseline-75p-dolma1.7-25p__300M,dclm-baseline-75p-dolma1.7-25p,300M,dclm-baseline-75p-dolma1.7-25p__300M__seed-2__step-45000,2,45000,default,REPORTED (draft: seed 2 is the default run; auxiliary runs below 1B stop at 25 percent of the 1B budget); npz batch flag OBSERVED
dclm-baseline-75p-dolma1.7-25p__300M,dclm-baseline-75p-dolma1.7-25p,300M,dclm-baseline-75p-dolma1.7-25p__300M__seed-14__step-45000,14,45000,auxiliary,REPORTED (draft: seed 2 is the default run; auxiliary runs below 1B stop at 25 percent of the 1B budget); npz batch flag OBSERVED
dclm-baseline-75p-dolma1.7-25p__300M,dclm-baseline-75p-dolma1.7-25p,300M,dclm-baseline-75p-dolma1.7-25p__300M__seed-15__step-45000,15,45000,auxiliary,REPORTED (draft: seed 2 is the default run; auxiliary runs below 1B stop at 25 percent of the 1B budget); npz batch flag OBSERVED
dclm-baseline-75p-dolma1.7-25p__530M,dclm-baseline-75p-dolma1.7-25p,530M,dclm-baseline-75p-dolma1.7-25p__530M__seed-2__step-51250,2,51250,default,REPORTED (draft: seed 2 is the default run; auxiliary runs below 1B stop at 25 percent of the 1B budget); npz batch flag OBSERVED
dclm-baseline-75p-dolma1.7-25p__530M,dclm-baseline-75p-dolma1.7-25p,530M,dclm-baseline-75p-dolma1.7-25p__530M__seed-14__step-51250,14,51250,auxiliary,REPORTED (draft: seed 2 is the default run; auxiliary runs below 1B stop at 25 percent of the 1B budget); npz batch flag OBSERVED
dclm-baseline-75p-dolma1.7-25p__530M,dclm-baseline-75p-dolma1.7-25p,530M,dclm-baseline-75p-dolma1.7-25p__530M__seed-15__step-51250,15,51250,auxiliary,REPORTED (draft: seed 2 is the default run; auxiliary runs below 1B stop at 25 percent of the 1B budget); npz batch flag OBSERVED
dclm-baseline-75p-dolma1.7-25p__750M,dclm-baseline-75p-dolma1.7-25p,750M,dclm-baseline-75p-dolma1.7-25p__750M__seed-2__step-11250,2,11250,default,REPORTED (draft: seed 2 is the default run; auxiliary runs below 1B stop at 25 percent of the 1B budget); npz batch flag OBSERVED
dclm-baseline-75p-dolma1.7-25p__750M,dclm-baseline-75p-dolma1.7-25p,750M,dclm-baseline-75p-dolma1.7-25p__750M__seed-14__step-11250,14,11250,auxiliary,REPORTED (draft: seed 2 is the default run; auxiliary runs below 1B stop at 25 percent of the 1B budget); npz batch flag OBSERVED
dclm-baseline-75p-dolma1.7-25p__750M,dclm-baseline-75p-dolma1.7-25p,750M,dclm-baseline-75p-dolma1.7-25p__750M__seed-15__step-11250,15,11250,auxiliary,REPORTED (draft: seed 2 is the default run; auxiliary runs below 1B stop at 25 percent of the 1B budget); npz batch flag OBSERVED
dclm-baseline-top-10p__150M,dclm-baseline-top-10p,150M,dclm-baseline-top-10p__150M__seed-2__step-38157,2,38157,default,REPORTED (draft: seed 2 is the default run; auxiliary runs below 1B stop at 25 percent of the 1B budget); npz batch flag OBSERVED
dclm-baseline-top-10p__150M,dclm-baseline-top-10p,150M,dclm-baseline-top-10p__150M__seed-14__step-38157,14,38157,auxiliary,REPORTED (draft: seed 2 is the default run; auxiliary runs below 1B stop at 25 percent of the 1B budget); npz batch flag OBSERVED
dclm-baseline-top-10p__150M,dclm-baseline-top-10p,150M,dclm-baseline-top-10p__150M__seed-15__step-38157,15,38157,auxiliary,REPORTED (draft: seed 2 is the default run; auxiliary runs below 1B stop at 25 percent of the 1B budget); npz batch flag OBSERVED
dclm-baseline-top-10p__1B,dclm-baseline-top-10p,1B,dclm-baseline-top-10p__1B__seed-2__step-69369,2,69369,default,REPORTED (draft: seed 2 is the default run; auxiliary runs below 1B stop at 25 percent of the 1B budget); npz batch flag OBSERVED
dclm-baseline-top-10p__1B,dclm-baseline-top-10p,1B,dclm-baseline-top-10p__1B__seed-4__step-69369,4,69369,auxiliary,REPORTED (draft: seed 2 is the default run; auxiliary runs below 1B stop at 25 percent of the 1B budget); npz batch flag OBSERVED
dclm-baseline-top-10p__1B,dclm-baseline-top-10p,1B,dclm-baseline-top-10p__1B__seed-5__step-69369,5,69369,auxiliary,REPORTED (draft: seed 2 is the default run; auxiliary runs below 1B stop at 25 percent of the 1B budget); npz batch flag OBSERVED
dclm-baseline-top-10p__300M,dclm-baseline-top-10p,300M,dclm-baseline-top-10p__300M__seed-2__step-45787,2,45787,default,REPORTED (draft: seed 2 is the default run; auxiliary runs below 1B stop at 25 percent of the 1B budget); npz batch flag OBSERVED
dclm-baseline-top-10p__300M,dclm-baseline-top-10p,300M,dclm-baseline-top-10p__300M__seed-14__step-45787,14,45787,auxiliary,REPORTED (draft: seed 2 is the default run; auxiliary runs below 1B stop at 25 percent of the 1B budget); npz batch flag OBSERVED
dclm-baseline-top-10p__300M,dclm-baseline-top-10p,300M,dclm-baseline-top-10p__300M__seed-15__step-45787,15,45787,auxiliary,REPORTED (draft: seed 2 is the default run; auxiliary runs below 1B stop at 25 percent of the 1B budget); npz batch flag OBSERVED
dclm-baseline-top-10p__530M,dclm-baseline-top-10p,530M,dclm-baseline-top-10p__530M__seed-2__step-51250,2,51250,default,REPORTED (draft: seed 2 is the default run; auxiliary runs below 1B stop at 25 percent of the 1B budget); npz batch flag OBSERVED
dclm-baseline-top-10p__530M,dclm-baseline-top-10p,530M,dclm-baseline-top-10p__530M__seed-14__step-51250,14,51250,auxiliary,REPORTED (draft: seed 2 is the default run; auxiliary runs below 1B stop at 25 percent of the 1B budget); npz batch flag OBSERVED
dclm-baseline-top-10p__530M,dclm-baseline-top-10p,530M,dclm-baseline-top-10p__530M__seed-15__step-51250,15,51250,auxiliary,REPORTED (draft: seed 2 is the default run; auxiliary runs below 1B stop at 25 percent of the 1B budget); npz batch flag OBSERVED
dclm-baseline-top-10p__750M,dclm-baseline-top-10p,750M,dclm-baseline-top-10p__750M__seed-2__step-27500,2,27500,default,REPORTED (draft: seed 2 is the default run; auxiliary runs below 1B stop at 25 percent of the 1B budget); npz batch flag OBSERVED
dclm-baseline-top-10p__750M,dclm-baseline-top-10p,750M,dclm-baseline-top-10p__750M__seed-14__step-27500,14,27500,auxiliary,REPORTED (draft: seed 2 is the default run; auxiliary runs below 1B stop at 25 percent of the 1B budget); npz batch flag OBSERVED
dclm-baseline-top-10p__750M,dclm-baseline-top-10p,750M,dclm-baseline-top-10p__750M__seed-15__step-27500,15,27500,auxiliary,REPORTED (draft: seed 2 is the default run; auxiliary runs below 1B stop at 25 percent of the 1B budget); npz batch flag OBSERVED
dclm-baseline-top-20p__150M,dclm-baseline-top-20p,150M,dclm-baseline-top-20p__150M__seed-2__step-38157,2,38157,default,REPORTED (draft: seed 2 is the default run; auxiliary runs below 1B stop at 25 percent of the 1B budget); npz batch flag OBSERVED
dclm-baseline-top-20p__150M,dclm-baseline-top-20p,150M,dclm-baseline-top-20p__150M__seed-14__step-38157,14,38157,auxiliary,REPORTED (draft: seed 2 is the default run; auxiliary runs below 1B stop at 25 percent of the 1B budget); npz batch flag OBSERVED
dclm-baseline-top-20p__150M,dclm-baseline-top-20p,150M,dclm-baseline-top-20p__150M__seed-15__step-38157,15,38157,auxiliary,REPORTED (draft: seed 2 is the default run; auxiliary runs below 1B stop at 25 percent of the 1B budget); npz batch flag OBSERVED
dclm-baseline-top-20p__1B,dclm-baseline-top-20p,1B,dclm-baseline-top-20p__1B__seed-2__step-69369,2,69369,default,REPORTED (draft: seed 2 is the default run; auxiliary runs below 1B stop at 25 percent of the 1B budget); npz batch flag OBSERVED
dclm-baseline-top-20p__1B,dclm-baseline-top-20p,1B,dclm-baseline-top-20p__1B__seed-4__step-69369,4,69369,auxiliary,REPORTED (draft: seed 2 is the default run; auxiliary runs below 1B stop at 25 percent of the 1B budget); npz batch flag OBSERVED
dclm-baseline-top-20p__1B,dclm-baseline-top-20p,1B,dclm-baseline-top-20p__1B__seed-5__step-69369,5,69369,auxiliary,REPORTED (draft: seed 2 is the default run; auxiliary runs below 1B stop at 25 percent of the 1B budget); npz batch flag OBSERVED
dclm-baseline-top-20p__300M,dclm-baseline-top-20p,300M,dclm-baseline-top-20p__300M__seed-2__step-45787,2,45787,default,REPORTED (draft: seed 2 is the default run; auxiliary runs below 1B stop at 25 percent of the 1B budget); npz batch flag OBSERVED
dclm-baseline-top-20p__300M,dclm-baseline-top-20p,300M,dclm-baseline-top-20p__300M__seed-14__step-45787,14,45787,auxiliary,REPORTED (draft: seed 2 is the default run; auxiliary runs below 1B stop at 25 percent of the 1B budget); npz batch flag OBSERVED
dclm-baseline-top-20p__300M,dclm-baseline-top-20p,300M,dclm-baseline-top-20p__300M__seed-15__step-45787,15,45787,auxiliary,REPORTED (draft: seed 2 is the default run; auxiliary runs below 1B stop at 25 percent of the 1B budget); npz batch flag OBSERVED
dclm-baseline-top-20p__530M,dclm-baseline-top-20p,530M,dclm-baseline-top-20p__530M__seed-2__step-22500,2,22500,default,REPORTED (draft: seed 2 is the default run; auxiliary runs below 1B stop at 25 percent of the 1B budget); npz batch flag OBSERVED
dclm-baseline-top-20p__530M,dclm-baseline-top-20p,530M,dclm-baseline-top-20p__530M__seed-14__step-22500,14,22500,auxiliary,REPORTED (draft: seed 2 is the default run; auxiliary runs below 1B stop at 25 percent of the 1B budget); npz batch flag OBSERVED
dclm-baseline-top-20p__530M,dclm-baseline-top-20p,530M,dclm-baseline-top-20p__530M__seed-15__step-22500,15,22500,auxiliary,REPORTED (draft: seed 2 is the default run; auxiliary runs below 1B stop at 25 percent of the 1B budget); npz batch flag OBSERVED
dclm-baseline-top-20p__750M,dclm-baseline-top-20p,750M,dclm-baseline-top-20p__750M__seed-2__step-16250,2,16250,default,REPORTED (draft: seed 2 is the default run; auxiliary runs below 1B stop at 25 percent of the 1B budget); npz batch flag OBSERVED
dclm-baseline-top-20p__750M,dclm-baseline-top-20p,750M,dclm-baseline-top-20p__750M__seed-14__step-16250,14,16250,auxiliary,REPORTED (draft: seed 2 is the default run; auxiliary runs below 1B stop at 25 percent of the 1B budget); npz batch flag OBSERVED
dclm-baseline-top-20p__750M,dclm-baseline-top-20p,750M,dclm-baseline-top-20p__750M__seed-15__step-16250,15,16250,auxiliary,REPORTED (draft: seed 2 is the default run; auxiliary runs below 1B stop at 25 percent of the 1B budget); npz batch flag OBSERVED
dclm-baseline-top-fw-10p__150M,dclm-baseline-top-fw-10p,150M,dclm-baseline-top-fw-10p__150M__seed-2__step-38157,2,38157,default,REPORTED (draft: seed 2 is the default run; auxiliary runs below 1B stop at 25 percent of the 1B budget); npz batch flag OBSERVED
dclm-baseline-top-fw-10p__150M,dclm-baseline-top-fw-10p,150M,dclm-baseline-top-fw-10p__150M__seed-14__step-38157,14,38157,auxiliary,REPORTED (draft: seed 2 is the default run; auxiliary runs below 1B stop at 25 percent of the 1B budget); npz batch flag OBSERVED
dclm-baseline-top-fw-10p__150M,dclm-baseline-top-fw-10p,150M,dclm-baseline-top-fw-10p__150M__seed-15__step-38157,15,38157,auxiliary,REPORTED (draft: seed 2 is the default run; auxiliary runs below 1B stop at 25 percent of the 1B budget); npz batch flag OBSERVED
dclm-baseline-top-fw-10p__1B,dclm-baseline-top-fw-10p,1B,dclm-baseline-top-fw-10p__1B__seed-2__step-69369,2,69369,default,REPORTED (draft: seed 2 is the default run; auxiliary runs below 1B stop at 25 percent of the 1B budget); npz batch flag OBSERVED
dclm-baseline-top-fw-10p__1B,dclm-baseline-top-fw-10p,1B,dclm-baseline-top-fw-10p__1B__seed-4__step-69369,4,69369,auxiliary,REPORTED (draft: seed 2 is the default run; auxiliary runs below 1B stop at 25 percent of the 1B budget); npz batch flag OBSERVED
dclm-baseline-top-fw-10p__1B,dclm-baseline-top-fw-10p,1B,dclm-baseline-top-fw-10p__1B__seed-5__step-69369,5,69369,auxiliary,REPORTED (draft: seed 2 is the default run; auxiliary runs below 1B stop at 25 percent of the 1B budget); npz batch flag OBSERVED
dclm-baseline-top-fw-10p__300M,dclm-baseline-top-fw-10p,300M,dclm-baseline-top-fw-10p__300M__seed-2__step-45787,2,45787,default,REPORTED (draft: seed 2 is the default run; auxiliary runs below 1B stop at 25 percent of the 1B budget); npz batch flag OBSERVED
dclm-baseline-top-fw-10p__300M,dclm-baseline-top-fw-10p,300M,dclm-baseline-top-fw-10p__300M__seed-14__step-45787,14,45787,auxiliary,REPORTED (draft: seed 2 is the default run; auxiliary runs below 1B stop at 25 percent of the 1B budget); npz batch flag OBSERVED
dclm-baseline-top-fw-10p__300M,dclm-baseline-top-fw-10p,300M,dclm-baseline-top-fw-10p__300M__seed-15__step-45787,15,45787,auxiliary,REPORTED (draft: seed 2 is the default run; auxiliary runs below 1B stop at 25 percent of the 1B budget); npz batch flag OBSERVED
dclm-baseline-top-fw-10p__530M,dclm-baseline-top-fw-10p,530M,dclm-baseline-top-fw-10p__530M__seed-2__step-51250,2,51250,default,REPORTED (draft: seed 2 is the default run; auxiliary runs below 1B stop at 25 percent of the 1B budget); npz batch flag OBSERVED
dclm-baseline-top-fw-10p__530M,dclm-baseline-top-fw-10p,530M,dclm-baseline-top-fw-10p__530M__seed-14__step-51250,14,51250,auxiliary,REPORTED (draft: seed 2 is the default run; auxiliary runs below 1B stop at 25 percent of the 1B budget); npz batch flag OBSERVED
dclm-baseline-top-fw-10p__530M,dclm-baseline-top-fw-10p,530M,dclm-baseline-top-fw-10p__530M__seed-15__step-51250,15,51250,auxiliary,REPORTED (draft: seed 2 is the default run; auxiliary runs below 1B stop at 25 percent of the 1B budget); npz batch flag OBSERVED
dclm-baseline-top-fw-10p__750M,dclm-baseline-top-fw-10p,750M,dclm-baseline-top-fw-10p__750M__seed-2__step-27500,2,27500,default,REPORTED (draft: seed 2 is the default run; auxiliary runs below 1B stop at 25 percent of the 1B budget); npz batch flag OBSERVED
dclm-baseline-top-fw-10p__750M,dclm-baseline-top-fw-10p,750M,dclm-baseline-top-fw-10p__750M__seed-14__step-27500,14,27500,auxiliary,REPORTED (draft: seed 2 is the default run; auxiliary runs below 1B stop at 25 percent of the 1B budget); npz batch flag OBSERVED
dclm-baseline-top-fw-10p__750M,dclm-baseline-top-fw-10p,750M,dclm-baseline-top-fw-10p__750M__seed-15__step-27500,15,27500,auxiliary,REPORTED (draft: seed 2 is the default run; auxiliary runs below 1B stop at 25 percent of the 1B budget); npz batch flag OBSERVED
dclm-baseline-top-fw-3p__150M,dclm-baseline-top-fw-3p,150M,dclm-baseline-top-fw-3p__150M__seed-2__step-38157,2,38157,default,REPORTED (draft: seed 2 is the default run; auxiliary runs below 1B stop at 25 percent of the 1B budget); npz batch flag OBSERVED
dclm-baseline-top-fw-3p__150M,dclm-baseline-top-fw-3p,150M,dclm-baseline-top-fw-3p__150M__seed-14__step-38157,14,38157,auxiliary,REPORTED (draft: seed 2 is the default run; auxiliary runs below 1B stop at 25 percent of the 1B budget); npz batch flag OBSERVED
dclm-baseline-top-fw-3p__150M,dclm-baseline-top-fw-3p,150M,dclm-baseline-top-fw-3p__150M__seed-15__step-38157,15,38157,auxiliary,REPORTED (draft: seed 2 is the default run; auxiliary runs below 1B stop at 25 percent of the 1B budget); npz batch flag OBSERVED
dclm-baseline-top-fw-3p__1B,dclm-baseline-top-fw-3p,1B,dclm-baseline-top-fw-3p__1B__seed-2__step-69369,2,69369,default,REPORTED (draft: seed 2 is the default run; auxiliary runs below 1B stop at 25 percent of the 1B budget); npz batch flag OBSERVED
dclm-baseline-top-fw-3p__1B,dclm-baseline-top-fw-3p,1B,dclm-baseline-top-fw-3p__1B__seed-4__step-69369,4,69369,auxiliary,REPORTED (draft: seed 2 is the default run; auxiliary runs below 1B stop at 25 percent of the 1B budget); npz batch flag OBSERVED
dclm-baseline-top-fw-3p__1B,dclm-baseline-top-fw-3p,1B,dclm-baseline-top-fw-3p__1B__seed-5__step-69369,5,69369,auxiliary,REPORTED (draft: seed 2 is the default run; auxiliary runs below 1B stop at 25 percent of the 1B budget); npz batch flag OBSERVED
dclm-baseline-top-fw-3p__300M,dclm-baseline-top-fw-3p,300M,dclm-baseline-top-fw-3p__300M__seed-2__step-45787,2,45787,default,REPORTED (draft: seed 2 is the default run; auxiliary runs below 1B stop at 25 percent of the 1B budget); npz batch flag OBSERVED
dclm-baseline-top-fw-3p__300M,dclm-baseline-top-fw-3p,300M,dclm-baseline-top-fw-3p__300M__seed-14__step-45787,14,45787,auxiliary,REPORTED (draft: seed 2 is the default run; auxiliary runs below 1B stop at 25 percent of the 1B budget); npz batch flag OBSERVED
dclm-baseline-top-fw-3p__300M,dclm-baseline-top-fw-3p,300M,dclm-baseline-top-fw-3p__300M__seed-15__step-45787,15,45787,auxiliary,REPORTED (draft: seed 2 is the default run; auxiliary runs below 1B stop at 25 percent of the 1B budget); npz batch flag OBSERVED
dclm-baseline-top-fw-3p__530M,dclm-baseline-top-fw-3p,530M,dclm-baseline-top-fw-3p__530M__seed-2__step-51250,2,51250,default,REPORTED (draft: seed 2 is the default run; auxiliary runs below 1B stop at 25 percent of the 1B budget); npz batch flag OBSERVED
dclm-baseline-top-fw-3p__530M,dclm-baseline-top-fw-3p,530M,dclm-baseline-top-fw-3p__530M__seed-14__step-51250,14,51250,auxiliary,REPORTED (draft: seed 2 is the default run; auxiliary runs below 1B stop at 25 percent of the 1B budget); npz batch flag OBSERVED
dclm-baseline-top-fw-3p__530M,dclm-baseline-top-fw-3p,530M,dclm-baseline-top-fw-3p__530M__seed-15__step-51250,15,51250,auxiliary,REPORTED (draft: seed 2 is the default run; auxiliary runs below 1B stop at 25 percent of the 1B budget); npz batch flag OBSERVED
dclm-baseline-top-fw-3p__750M,dclm-baseline-top-fw-3p,750M,dclm-baseline-top-fw-3p__750M__seed-2__step-27500,2,27500,default,REPORTED (draft: seed 2 is the default run; auxiliary runs below 1B stop at 25 percent of the 1B budget); npz batch flag OBSERVED
dclm-baseline-top-fw-3p__750M,dclm-baseline-top-fw-3p,750M,dclm-baseline-top-fw-3p__750M__seed-14__step-27500,14,27500,auxiliary,REPORTED (draft: seed 2 is the default run; auxiliary runs below 1B stop at 25 percent of the 1B budget); npz batch flag OBSERVED
dclm-baseline-top-fw-3p__750M,dclm-baseline-top-fw-3p,750M,dclm-baseline-top-fw-3p__750M__seed-15__step-27500,15,27500,auxiliary,REPORTED (draft: seed 2 is the default run; auxiliary runs below 1B stop at 25 percent of the 1B budget); npz batch flag OBSERVED
dclm-baseline-top-fw2-7p__150M,dclm-baseline-top-fw2-7p,150M,dclm-baseline-top-fw2-7p__150M__seed-2__step-38157,2,38157,default,REPORTED (draft: seed 2 is the default run; auxiliary runs below 1B stop at 25 percent of the 1B budget); npz batch flag OBSERVED
dclm-baseline-top-fw2-7p__150M,dclm-baseline-top-fw2-7p,150M,dclm-baseline-top-fw2-7p__150M__seed-14__step-38157,14,38157,auxiliary,REPORTED (draft: seed 2 is the default run; auxiliary runs below 1B stop at 25 percent of the 1B budget); npz batch flag OBSERVED
dclm-baseline-top-fw2-7p__150M,dclm-baseline-top-fw2-7p,150M,dclm-baseline-top-fw2-7p__150M__seed-15__step-38157,15,38157,auxiliary,REPORTED (draft: seed 2 is the default run; auxiliary runs below 1B stop at 25 percent of the 1B budget); npz batch flag OBSERVED
dclm-baseline-top-fw2-7p__1B,dclm-baseline-top-fw2-7p,1B,dclm-baseline-top-fw2-7p__1B__seed-2__step-69369,2,69369,default,REPORTED (draft: seed 2 is the default run; auxiliary runs below 1B stop at 25 percent of the 1B budget); npz batch flag OBSERVED
dclm-baseline-top-fw2-7p__1B,dclm-baseline-top-fw2-7p,1B,dclm-baseline-top-fw2-7p__1B__seed-4__step-69369,4,69369,auxiliary,REPORTED (draft: seed 2 is the default run; auxiliary runs below 1B stop at 25 percent of the 1B budget); npz batch flag OBSERVED
dclm-baseline-top-fw2-7p__1B,dclm-baseline-top-fw2-7p,1B,dclm-baseline-top-fw2-7p__1B__seed-5__step-69369,5,69369,auxiliary,REPORTED (draft: seed 2 is the default run; auxiliary runs below 1B stop at 25 percent of the 1B budget); npz batch flag OBSERVED
dclm-baseline-top-fw2-7p__300M,dclm-baseline-top-fw2-7p,300M,dclm-baseline-top-fw2-7p__300M__seed-2__step-45787,2,45787,default,REPORTED (draft: seed 2 is the default run; auxiliary runs below 1B stop at 25 percent of the 1B budget); npz batch flag OBSERVED
dclm-baseline-top-fw2-7p__300M,dclm-baseline-top-fw2-7p,300M,dclm-baseline-top-fw2-7p__300M__seed-14__step-45787,14,45787,auxiliary,REPORTED (draft: seed 2 is the default run; auxiliary runs below 1B stop at 25 percent of the 1B budget); npz batch flag OBSERVED
dclm-baseline-top-fw2-7p__300M,dclm-baseline-top-fw2-7p,300M,dclm-baseline-top-fw2-7p__300M__seed-15__step-45787,15,45787,auxiliary,REPORTED (draft: seed 2 is the default run; auxiliary runs below 1B stop at 25 percent of the 1B budget); npz batch flag OBSERVED
dclm-baseline-top-fw2-7p__530M,dclm-baseline-top-fw2-7p,530M,dclm-baseline-top-fw2-7p__530M__seed-2__step-51250,2,51250,default,REPORTED (draft: seed 2 is the default run; auxiliary runs below 1B stop at 25 percent of the 1B budget); npz batch flag OBSERVED
dclm-baseline-top-fw2-7p__530M,dclm-baseline-top-fw2-7p,530M,dclm-baseline-top-fw2-7p__530M__seed-14__step-51250,14,51250,auxiliary,REPORTED (draft: seed 2 is the default run; auxiliary runs below 1B stop at 25 percent of the 1B budget); npz batch flag OBSERVED
dclm-baseline-top-fw2-7p__530M,dclm-baseline-top-fw2-7p,530M,dclm-baseline-top-fw2-7p__530M__seed-15__step-51250,15,51250,auxiliary,REPORTED (draft: seed 2 is the default run; auxiliary runs below 1B stop at 25 percent of the 1B budget); npz batch flag OBSERVED
dclm-baseline-top-fw2-7p__750M,dclm-baseline-top-fw2-7p,750M,dclm-baseline-top-fw2-7p__750M__seed-2__step-27500,2,27500,default,REPORTED (draft: seed 2 is the default run; auxiliary runs below 1B stop at 25 percent of the 1B budget); npz batch flag OBSERVED
dclm-baseline-top-fw2-7p__750M,dclm-baseline-top-fw2-7p,750M,dclm-baseline-top-fw2-7p__750M__seed-14__step-27500,14,27500,auxiliary,REPORTED (draft: seed 2 is the default run; auxiliary runs below 1B stop at 25 percent of the 1B budget); npz batch flag OBSERVED
dclm-baseline-top-fw2-7p__750M,dclm-baseline-top-fw2-7p,750M,dclm-baseline-top-fw2-7p__750M__seed-15__step-27500,15,27500,auxiliary,REPORTED (draft: seed 2 is the default run; auxiliary runs below 1B stop at 25 percent of the 1B budget); npz batch flag OBSERVED
dclm-baseline-top-fw3-7p__150M,dclm-baseline-top-fw3-7p,150M,dclm-baseline-top-fw3-7p__150M__seed-2__step-38157,2,38157,default,REPORTED (draft: seed 2 is the default run; auxiliary runs below 1B stop at 25 percent of the 1B budget); npz batch flag OBSERVED
dclm-baseline-top-fw3-7p__150M,dclm-baseline-top-fw3-7p,150M,dclm-baseline-top-fw3-7p__150M__seed-14__step-38157,14,38157,auxiliary,REPORTED (draft: seed 2 is the default run; auxiliary runs below 1B stop at 25 percent of the 1B budget); npz batch flag OBSERVED
dclm-baseline-top-fw3-7p__150M,dclm-baseline-top-fw3-7p,150M,dclm-baseline-top-fw3-7p__150M__seed-15__step-38157,15,38157,auxiliary,REPORTED (draft: seed 2 is the default run; auxiliary runs below 1B stop at 25 percent of the 1B budget); npz batch flag OBSERVED
dclm-baseline-top-fw3-7p__1B,dclm-baseline-top-fw3-7p,1B,dclm-baseline-top-fw3-7p__1B__seed-2__step-69369,2,69369,default,REPORTED (draft: seed 2 is the default run; auxiliary runs below 1B stop at 25 percent of the 1B budget); npz batch flag OBSERVED
dclm-baseline-top-fw3-7p__1B,dclm-baseline-top-fw3-7p,1B,dclm-baseline-top-fw3-7p__1B__seed-4__step-69369,4,69369,auxiliary,REPORTED (draft: seed 2 is the default run; auxiliary runs below 1B stop at 25 percent of the 1B budget); npz batch flag OBSERVED
dclm-baseline-top-fw3-7p__1B,dclm-baseline-top-fw3-7p,1B,dclm-baseline-top-fw3-7p__1B__seed-5__step-69369,5,69369,auxiliary,REPORTED (draft: seed 2 is the default run; auxiliary runs below 1B stop at 25 percent of the 1B budget); npz batch flag OBSERVED
dclm-baseline-top-fw3-7p__300M,dclm-baseline-top-fw3-7p,300M,dclm-baseline-top-fw3-7p__300M__seed-2__step-45787,2,45787,default,REPORTED (draft: seed 2 is the default run; auxiliary runs below 1B stop at 25 percent of the 1B budget); npz batch flag OBSERVED
dclm-baseline-top-fw3-7p__300M,dclm-baseline-top-fw3-7p,300M,dclm-baseline-top-fw3-7p__300M__seed-14__step-45787,14,45787,auxiliary,REPORTED (draft: seed 2 is the default run; auxiliary runs below 1B stop at 25 percent of the 1B budget); npz batch flag OBSERVED
dclm-baseline-top-fw3-7p__300M,dclm-baseline-top-fw3-7p,300M,dclm-baseline-top-fw3-7p__300M__seed-15__step-45787,15,45787,auxiliary,REPORTED (draft: seed 2 is the default run; auxiliary runs below 1B stop at 25 percent of the 1B budget); npz batch flag OBSERVED
dclm-baseline-top-fw3-7p__530M,dclm-baseline-top-fw3-7p,530M,dclm-baseline-top-fw3-7p__530M__seed-2__step-51250,2,51250,default,REPORTED (draft: seed 2 is the default run; auxiliary runs below 1B stop at 25 percent of the 1B budget); npz batch flag OBSERVED
dclm-baseline-top-fw3-7p__530M,dclm-baseline-top-fw3-7p,530M,dclm-baseline-top-fw3-7p__530M__seed-14__step-51250,14,51250,auxiliary,REPORTED (draft: seed 2 is the default run; auxiliary runs below 1B stop at 25 percent of the 1B budget); npz batch flag OBSERVED
dclm-baseline-top-fw3-7p__530M,dclm-baseline-top-fw3-7p,530M,dclm-baseline-top-fw3-7p__530M__seed-15__step-51250,15,51250,auxiliary,REPORTED (draft: seed 2 is the default run; auxiliary runs below 1B stop at 25 percent of the 1B budget); npz batch flag OBSERVED
dclm-baseline-top-fw3-7p__750M,dclm-baseline-top-fw3-7p,750M,dclm-baseline-top-fw3-7p__750M__seed-2__step-27500,2,27500,default,REPORTED (draft: seed 2 is the default run; auxiliary runs below 1B stop at 25 percent of the 1B budget); npz batch flag OBSERVED
dclm-baseline-top-fw3-7p__750M,dclm-baseline-top-fw3-7p,750M,dclm-baseline-top-fw3-7p__750M__seed-14__step-27500,14,27500,auxiliary,REPORTED (draft: seed 2 is the default run; auxiliary runs below 1B stop at 25 percent of the 1B budget); npz batch flag OBSERVED
dclm-baseline-top-fw3-7p__750M,dclm-baseline-top-fw3-7p,750M,dclm-baseline-top-fw3-7p__750M__seed-15__step-27500,15,27500,auxiliary,REPORTED (draft: seed 2 is the default run; auxiliary runs below 1B stop at 25 percent of the 1B budget); npz batch flag OBSERVED
dolma1.6++__150M,dolma1.6++,150M,dolma1.6++__150M__seed-2__step-37500,2,37500,default,REPORTED (draft: seed 2 is the default run; auxiliary runs below 1B stop at 25 percent of the 1B budget); npz batch flag OBSERVED
dolma1.6++__150M,dolma1.6++,150M,dolma1.6++__150M__seed-14__step-37500,14,37500,auxiliary,REPORTED (draft: seed 2 is the default run; auxiliary runs below 1B stop at 25 percent of the 1B budget); npz batch flag OBSERVED
dolma1.6++__150M,dolma1.6++,150M,dolma1.6++__150M__seed-15__step-37500,15,37500,auxiliary,REPORTED (draft: seed 2 is the default run; auxiliary runs below 1B stop at 25 percent of the 1B budget); npz batch flag OBSERVED
dolma1.6++__1B,dolma1.6++,1B,dolma1.6++__1B__seed-2__step-69369,2,69369,default,REPORTED (draft: seed 2 is the default run; auxiliary runs below 1B stop at 25 percent of the 1B budget); npz batch flag OBSERVED
dolma1.6++__1B,dolma1.6++,1B,dolma1.6++__1B__seed-4__step-69369,4,69369,auxiliary,REPORTED (draft: seed 2 is the default run; auxiliary runs below 1B stop at 25 percent of the 1B budget); npz batch flag OBSERVED
dolma1.6++__1B,dolma1.6++,1B,dolma1.6++__1B__seed-5__step-69369,5,69369,auxiliary,REPORTED (draft: seed 2 is the default run; auxiliary runs below 1B stop at 25 percent of the 1B budget); npz batch flag OBSERVED
dolma1.6++__300M,dolma1.6++,300M,dolma1.6++__300M__seed-2__step-45000,2,45000,default,REPORTED (draft: seed 2 is the default run; auxiliary runs below 1B stop at 25 percent of the 1B budget); npz batch flag OBSERVED
dolma1.6++__300M,dolma1.6++,300M,dolma1.6++__300M__seed-14__step-45000,14,45000,auxiliary,REPORTED (draft: seed 2 is the default run; auxiliary runs below 1B stop at 25 percent of the 1B budget); npz batch flag OBSERVED
dolma1.6++__300M,dolma1.6++,300M,dolma1.6++__300M__seed-15__step-45000,15,45000,auxiliary,REPORTED (draft: seed 2 is the default run; auxiliary runs below 1B stop at 25 percent of the 1B budget); npz batch flag OBSERVED
dolma1.6++__530M,dolma1.6++,530M,dolma1.6++__530M__seed-2__step-51250,2,51250,default,REPORTED (draft: seed 2 is the default run; auxiliary runs below 1B stop at 25 percent of the 1B budget); npz batch flag OBSERVED
dolma1.6++__530M,dolma1.6++,530M,dolma1.6++__530M__seed-14__step-51250,14,51250,auxiliary,REPORTED (draft: seed 2 is the default run; auxiliary runs below 1B stop at 25 percent of the 1B budget); npz batch flag OBSERVED
dolma1.6++__530M,dolma1.6++,530M,dolma1.6++__530M__seed-15__step-51250,15,51250,auxiliary,REPORTED (draft: seed 2 is the default run; auxiliary runs below 1B stop at 25 percent of the 1B budget); npz batch flag OBSERVED
dolma1.6++__750M,dolma1.6++,750M,dolma1.6++__750M__seed-2__step-27500,2,27500,default,REPORTED (draft: seed 2 is the default run; auxiliary runs below 1B stop at 25 percent of the 1B budget); npz batch flag OBSERVED
dolma1.6++__750M,dolma1.6++,750M,dolma1.6++__750M__seed-14__step-27500,14,27500,auxiliary,REPORTED (draft: seed 2 is the default run; auxiliary runs below 1B stop at 25 percent of the 1B budget); npz batch flag OBSERVED
dolma1.6++__750M,dolma1.6++,750M,dolma1.6++__750M__seed-15__step-27500,15,27500,auxiliary,REPORTED (draft: seed 2 is the default run; auxiliary runs below 1B stop at 25 percent of the 1B budget); npz batch flag OBSERVED
dolma1.7__150M,dolma1.7,150M,dolma1.7__150M__seed-2__step-37500,2,37500,default,REPORTED (draft: seed 2 is the default run; auxiliary runs below 1B stop at 25 percent of the 1B budget); npz batch flag OBSERVED
dolma1.7__150M,dolma1.7,150M,dolma1.7__150M__seed-14__step-37500,14,37500,auxiliary,REPORTED (draft: seed 2 is the default run; auxiliary runs below 1B stop at 25 percent of the 1B budget); npz batch flag OBSERVED
dolma1.7__150M,dolma1.7,150M,dolma1.7__150M__seed-15__step-37500,15,37500,auxiliary,REPORTED (draft: seed 2 is the default run; auxiliary runs below 1B stop at 25 percent of the 1B budget); npz batch flag OBSERVED
dolma1.7__1B,dolma1.7,1B,dolma1.7__1B__seed-2__step-69369,2,69369,default,REPORTED (draft: seed 2 is the default run; auxiliary runs below 1B stop at 25 percent of the 1B budget); npz batch flag OBSERVED
dolma1.7__1B,dolma1.7,1B,dolma1.7__1B__seed-4__step-69369,4,69369,auxiliary,REPORTED (draft: seed 2 is the default run; auxiliary runs below 1B stop at 25 percent of the 1B budget); npz batch flag OBSERVED
dolma1.7__1B,dolma1.7,1B,dolma1.7__1B__seed-5__step-69369,5,69369,auxiliary,REPORTED (draft: seed 2 is the default run; auxiliary runs below 1B stop at 25 percent of the 1B budget); npz batch flag OBSERVED
dolma1.7__300M,dolma1.7,300M,dolma1.7__300M__seed-2__step-45000,2,45000,default,REPORTED (draft: seed 2 is the default run; auxiliary runs below 1B stop at 25 percent of the 1B budget); npz batch flag OBSERVED
dolma1.7__300M,dolma1.7,300M,dolma1.7__300M__seed-14__step-45000,14,45000,auxiliary,REPORTED (draft: seed 2 is the default run; auxiliary runs below 1B stop at 25 percent of the 1B budget); npz batch flag OBSERVED
dolma1.7__300M,dolma1.7,300M,dolma1.7__300M__seed-15__step-45000,15,45000,auxiliary,REPORTED (draft: seed 2 is the default run; auxiliary runs below 1B stop at 25 percent of the 1B budget); npz batch flag OBSERVED
dolma1.7__530M,dolma1.7,530M,dolma1.7__530M__seed-2__step-51250,2,51250,default,REPORTED (draft: seed 2 is the default run; auxiliary runs below 1B stop at 25 percent of the 1B budget); npz batch flag OBSERVED
dolma1.7__530M,dolma1.7,530M,dolma1.7__530M__seed-14__step-51250,14,51250,auxiliary,REPORTED (draft: seed 2 is the default run; auxiliary runs below 1B stop at 25 percent of the 1B budget); npz batch flag OBSERVED
dolma1.7__530M,dolma1.7,530M,dolma1.7__530M__seed-15__step-51250,15,51250,auxiliary,REPORTED (draft: seed 2 is the default run; auxiliary runs below 1B stop at 25 percent of the 1B budget); npz batch flag OBSERVED
dolma1.7__750M,dolma1.7,750M,dolma1.7__750M__seed-2__step-27500,2,27500,default,REPORTED (draft: seed 2 is the default run; auxiliary runs below 1B stop at 25 percent of the 1B budget); npz batch flag OBSERVED
dolma1.7__750M,dolma1.7,750M,dolma1.7__750M__seed-14__step-27500,14,27500,auxiliary,REPORTED (draft: seed 2 is the default run; auxiliary runs below 1B stop at 25 percent of the 1B budget); npz batch flag OBSERVED
dolma1.7__750M,dolma1.7,750M,dolma1.7__750M__seed-15__step-27500,15,27500,auxiliary,REPORTED (draft: seed 2 is the default run; auxiliary runs below 1B stop at 25 percent of the 1B budget); npz batch flag OBSERVED
dolma1.7-no-code__150M,dolma1.7-no-code,150M,dolma1.7-no-code__150M__seed-2__step-37500,2,37500,default,REPORTED (draft: seed 2 is the default run; auxiliary runs below 1B stop at 25 percent of the 1B budget); npz batch flag OBSERVED
dolma1.7-no-code__150M,dolma1.7-no-code,150M,dolma1.7-no-code__150M__seed-14__step-37500,14,37500,auxiliary,REPORTED (draft: seed 2 is the default run; auxiliary runs below 1B stop at 25 percent of the 1B budget); npz batch flag OBSERVED
dolma1.7-no-code__150M,dolma1.7-no-code,150M,dolma1.7-no-code__150M__seed-15__step-37500,15,37500,auxiliary,REPORTED (draft: seed 2 is the default run; auxiliary runs below 1B stop at 25 percent of the 1B budget); npz batch flag OBSERVED
dolma1.7-no-code__1B,dolma1.7-no-code,1B,dolma1.7-no-code__1B__seed-2__step-69369,2,69369,default,REPORTED (draft: seed 2 is the default run; auxiliary runs below 1B stop at 25 percent of the 1B budget); npz batch flag OBSERVED
dolma1.7-no-code__1B,dolma1.7-no-code,1B,dolma1.7-no-code__1B__seed-4__step-69369,4,69369,auxiliary,REPORTED (draft: seed 2 is the default run; auxiliary runs below 1B stop at 25 percent of the 1B budget); npz batch flag OBSERVED
dolma1.7-no-code__1B,dolma1.7-no-code,1B,dolma1.7-no-code__1B__seed-5__step-69369,5,69369,auxiliary,REPORTED (draft: seed 2 is the default run; auxiliary runs below 1B stop at 25 percent of the 1B budget); npz batch flag OBSERVED
dolma1.7-no-code__300M,dolma1.7-no-code,300M,dolma1.7-no-code__300M__seed-2__step-45000,2,45000,default,REPORTED (draft: seed 2 is the default run; auxiliary runs below 1B stop at 25 percent of the 1B budget); npz batch flag OBSERVED
dolma1.7-no-code__300M,dolma1.7-no-code,300M,dolma1.7-no-code__300M__seed-14__step-45000,14,45000,auxiliary,REPORTED (draft: seed 2 is the default run; auxiliary runs below 1B stop at 25 percent of the 1B budget); npz batch flag OBSERVED
dolma1.7-no-code__300M,dolma1.7-no-code,300M,dolma1.7-no-code__300M__seed-15__step-45000,15,45000,auxiliary,REPORTED (draft: seed 2 is the default run; auxiliary runs below 1B stop at 25 percent of the 1B budget); npz batch flag OBSERVED
dolma1.7-no-code__530M,dolma1.7-no-code,530M,dolma1.7-no-code__530M__seed-2__step-51250,2,51250,default,REPORTED (draft: seed 2 is the default run; auxiliary runs below 1B stop at 25 percent of the 1B budget); npz batch flag OBSERVED
dolma1.7-no-code__530M,dolma1.7-no-code,530M,dolma1.7-no-code__530M__seed-14__step-51250,14,51250,auxiliary,REPORTED (draft: seed 2 is the default run; auxiliary runs below 1B stop at 25 percent of the 1B budget); npz batch flag OBSERVED
dolma1.7-no-code__530M,dolma1.7-no-code,530M,dolma1.7-no-code__530M__seed-15__step-51250,15,51250,auxiliary,REPORTED (draft: seed 2 is the default run; auxiliary runs below 1B stop at 25 percent of the 1B budget); npz batch flag OBSERVED
dolma1.7-no-code__750M,dolma1.7-no-code,750M,dolma1.7-no-code__750M__seed-2__step-27500,2,27500,default,REPORTED (draft: seed 2 is the default run; auxiliary runs below 1B stop at 25 percent of the 1B budget); npz batch flag OBSERVED
dolma1.7-no-code__750M,dolma1.7-no-code,750M,dolma1.7-no-code__750M__seed-14__step-27500,14,27500,auxiliary,REPORTED (draft: seed 2 is the default run; auxiliary runs below 1B stop at 25 percent of the 1B budget); npz batch flag OBSERVED
dolma1.7-no-code__750M,dolma1.7-no-code,750M,dolma1.7-no-code__750M__seed-15__step-27500,15,27500,auxiliary,REPORTED (draft: seed 2 is the default run; auxiliary runs below 1B stop at 25 percent of the 1B budget); npz batch flag OBSERVED
dolma1.7-no-flan__150M,dolma1.7-no-flan,150M,dolma1.7-no-flan__150M__seed-2__step-37500,2,37500,default,REPORTED (draft: seed 2 is the default run; auxiliary runs below 1B stop at 25 percent of the 1B budget); npz batch flag OBSERVED
dolma1.7-no-flan__150M,dolma1.7-no-flan,150M,dolma1.7-no-flan__150M__seed-14__step-37500,14,37500,auxiliary,REPORTED (draft: seed 2 is the default run; auxiliary runs below 1B stop at 25 percent of the 1B budget); npz batch flag OBSERVED
dolma1.7-no-flan__150M,dolma1.7-no-flan,150M,dolma1.7-no-flan__150M__seed-15__step-37500,15,37500,auxiliary,REPORTED (draft: seed 2 is the default run; auxiliary runs below 1B stop at 25 percent of the 1B budget); npz batch flag OBSERVED
dolma1.7-no-flan__1B,dolma1.7-no-flan,1B,dolma1.7-no-flan__1B__seed-2__step-69369,2,69369,default,REPORTED (draft: seed 2 is the default run; auxiliary runs below 1B stop at 25 percent of the 1B budget); npz batch flag OBSERVED
dolma1.7-no-flan__1B,dolma1.7-no-flan,1B,dolma1.7-no-flan__1B__seed-4__step-69369,4,69369,auxiliary,REPORTED (draft: seed 2 is the default run; auxiliary runs below 1B stop at 25 percent of the 1B budget); npz batch flag OBSERVED
dolma1.7-no-flan__1B,dolma1.7-no-flan,1B,dolma1.7-no-flan__1B__seed-5__step-69369,5,69369,auxiliary,REPORTED (draft: seed 2 is the default run; auxiliary runs below 1B stop at 25 percent of the 1B budget); npz batch flag OBSERVED
dolma1.7-no-flan__300M,dolma1.7-no-flan,300M,dolma1.7-no-flan__300M__seed-2__step-45000,2,45000,default,REPORTED (draft: seed 2 is the default run; auxiliary runs below 1B stop at 25 percent of the 1B budget); npz batch flag OBSERVED
dolma1.7-no-flan__300M,dolma1.7-no-flan,300M,dolma1.7-no-flan__300M__seed-14__step-45000,14,45000,auxiliary,REPORTED (draft: seed 2 is the default run; auxiliary runs below 1B stop at 25 percent of the 1B budget); npz batch flag OBSERVED
dolma1.7-no-flan__300M,dolma1.7-no-flan,300M,dolma1.7-no-flan__300M__seed-15__step-45000,15,45000,auxiliary,REPORTED (draft: seed 2 is the default run; auxiliary runs below 1B stop at 25 percent of the 1B budget); npz batch flag OBSERVED
dolma1.7-no-flan__530M,dolma1.7-no-flan,530M,dolma1.7-no-flan__530M__seed-2__step-51250,2,51250,default,REPORTED (draft: seed 2 is the default run; auxiliary runs below 1B stop at 25 percent of the 1B budget); npz batch flag OBSERVED
dolma1.7-no-flan__530M,dolma1.7-no-flan,530M,dolma1.7-no-flan__530M__seed-14__step-51250,14,51250,auxiliary,REPORTED (draft: seed 2 is the default run; auxiliary runs below 1B stop at 25 percent of the 1B budget); npz batch flag OBSERVED
dolma1.7-no-flan__530M,dolma1.7-no-flan,530M,dolma1.7-no-flan__530M__seed-15__step-51250,15,51250,auxiliary,REPORTED (draft: seed 2 is the default run; auxiliary runs below 1B stop at 25 percent of the 1B budget); npz batch flag OBSERVED
dolma1.7-no-flan__750M,dolma1.7-no-flan,750M,dolma1.7-no-flan__750M__seed-2__step-27500,2,27500,default,REPORTED (draft: seed 2 is the default run; auxiliary runs below 1B stop at 25 percent of the 1B budget); npz batch flag OBSERVED
dolma1.7-no-flan__750M,dolma1.7-no-flan,750M,dolma1.7-no-flan__750M__seed-14__step-27500,14,27500,auxiliary,REPORTED (draft: seed 2 is the default run; auxiliary runs below 1B stop at 25 percent of the 1B budget); npz batch flag OBSERVED
dolma1.7-no-flan__750M,dolma1.7-no-flan,750M,dolma1.7-no-flan__750M__seed-15__step-27500,15,27500,auxiliary,REPORTED (draft: seed 2 is the default run; auxiliary runs below 1B stop at 25 percent of the 1B budget); npz batch flag OBSERVED
dolma1.7-no-math-no-code__150M,dolma1.7-no-math-no-code,150M,dolma1.7-no-math-no-code__150M__seed-2__step-37500,2,37500,default,REPORTED (draft: seed 2 is the default run; auxiliary runs below 1B stop at 25 percent of the 1B budget); npz batch flag OBSERVED
dolma1.7-no-math-no-code__150M,dolma1.7-no-math-no-code,150M,dolma1.7-no-math-no-code__150M__seed-14__step-37500,14,37500,auxiliary,REPORTED (draft: seed 2 is the default run; auxiliary runs below 1B stop at 25 percent of the 1B budget); npz batch flag OBSERVED
dolma1.7-no-math-no-code__150M,dolma1.7-no-math-no-code,150M,dolma1.7-no-math-no-code__150M__seed-15__step-37500,15,37500,auxiliary,REPORTED (draft: seed 2 is the default run; auxiliary runs below 1B stop at 25 percent of the 1B budget); npz batch flag OBSERVED
dolma1.7-no-math-no-code__1B,dolma1.7-no-math-no-code,1B,dolma1.7-no-math-no-code__1B__seed-2__step-57500,2,57500,default,REPORTED (draft: seed 2 is the default run; auxiliary runs below 1B stop at 25 percent of the 1B budget); npz batch flag OBSERVED
dolma1.7-no-math-no-code__1B,dolma1.7-no-math-no-code,1B,dolma1.7-no-math-no-code__1B__seed-4__step-57500,4,57500,auxiliary,REPORTED (draft: seed 2 is the default run; auxiliary runs below 1B stop at 25 percent of the 1B budget); npz batch flag OBSERVED
dolma1.7-no-math-no-code__1B,dolma1.7-no-math-no-code,1B,dolma1.7-no-math-no-code__1B__seed-5__step-57500,5,57500,auxiliary,REPORTED (draft: seed 2 is the default run; auxiliary runs below 1B stop at 25 percent of the 1B budget); npz batch flag OBSERVED
dolma1.7-no-math-no-code__300M,dolma1.7-no-math-no-code,300M,dolma1.7-no-math-no-code__300M__seed-2__step-45000,2,45000,default,REPORTED (draft: seed 2 is the default run; auxiliary runs below 1B stop at 25 percent of the 1B budget); npz batch flag OBSERVED
dolma1.7-no-math-no-code__300M,dolma1.7-no-math-no-code,300M,dolma1.7-no-math-no-code__300M__seed-14__step-45000,14,45000,auxiliary,REPORTED (draft: seed 2 is the default run; auxiliary runs below 1B stop at 25 percent of the 1B budget); npz batch flag OBSERVED
dolma1.7-no-math-no-code__300M,dolma1.7-no-math-no-code,300M,dolma1.7-no-math-no-code__300M__seed-15__step-45000,15,45000,auxiliary,REPORTED (draft: seed 2 is the default run; auxiliary runs below 1B stop at 25 percent of the 1B budget); npz batch flag OBSERVED
dolma1.7-no-math-no-code__530M,dolma1.7-no-math-no-code,530M,dolma1.7-no-math-no-code__530M__seed-2__step-51250,2,51250,default,REPORTED (draft: seed 2 is the default run; auxiliary runs below 1B stop at 25 percent of the 1B budget); npz batch flag OBSERVED
dolma1.7-no-math-no-code__530M,dolma1.7-no-math-no-code,530M,dolma1.7-no-math-no-code__530M__seed-14__step-51250,14,51250,auxiliary,REPORTED (draft: seed 2 is the default run; auxiliary runs below 1B stop at 25 percent of the 1B budget); npz batch flag OBSERVED
dolma1.7-no-math-no-code__530M,dolma1.7-no-math-no-code,530M,dolma1.7-no-math-no-code__530M__seed-15__step-51250,15,51250,auxiliary,REPORTED (draft: seed 2 is the default run; auxiliary runs below 1B stop at 25 percent of the 1B budget); npz batch flag OBSERVED
dolma1.7-no-math-no-code__750M,dolma1.7-no-math-no-code,750M,dolma1.7-no-math-no-code__750M__seed-2__step-27500,2,27500,default,REPORTED (draft: seed 2 is the default run; auxiliary runs below 1B stop at 25 percent of the 1B budget); npz batch flag OBSERVED
dolma1.7-no-math-no-code__750M,dolma1.7-no-math-no-code,750M,dolma1.7-no-math-no-code__750M__seed-14__step-27500,14,27500,auxiliary,REPORTED (draft: seed 2 is the default run; auxiliary runs below 1B stop at 25 percent of the 1B budget); npz batch flag OBSERVED
dolma1.7-no-math-no-code__750M,dolma1.7-no-math-no-code,750M,dolma1.7-no-math-no-code__750M__seed-15__step-27500,15,27500,auxiliary,REPORTED (draft: seed 2 is the default run; auxiliary runs below 1B stop at 25 percent of the 1B budget); npz batch flag OBSERVED
dolma1.7-no-reddit__150M,dolma1.7-no-reddit,150M,dolma1.7-no-reddit__150M__seed-2__step-37500,2,37500,default,REPORTED (draft: seed 2 is the default run; auxiliary runs below 1B stop at 25 percent of the 1B budget); npz batch flag OBSERVED
dolma1.7-no-reddit__150M,dolma1.7-no-reddit,150M,dolma1.7-no-reddit__150M__seed-14__step-37500,14,37500,auxiliary,REPORTED (draft: seed 2 is the default run; auxiliary runs below 1B stop at 25 percent of the 1B budget); npz batch flag OBSERVED
dolma1.7-no-reddit__150M,dolma1.7-no-reddit,150M,dolma1.7-no-reddit__150M__seed-15__step-37500,15,37500,auxiliary,REPORTED (draft: seed 2 is the default run; auxiliary runs below 1B stop at 25 percent of the 1B budget); npz batch flag OBSERVED
dolma1.7-no-reddit__1B,dolma1.7-no-reddit,1B,dolma1.7-no-reddit__1B__seed-2__step-69369,2,69369,default,REPORTED (draft: seed 2 is the default run; auxiliary runs below 1B stop at 25 percent of the 1B budget); npz batch flag OBSERVED
dolma1.7-no-reddit__1B,dolma1.7-no-reddit,1B,dolma1.7-no-reddit__1B__seed-4__step-69369,4,69369,auxiliary,REPORTED (draft: seed 2 is the default run; auxiliary runs below 1B stop at 25 percent of the 1B budget); npz batch flag OBSERVED
dolma1.7-no-reddit__1B,dolma1.7-no-reddit,1B,dolma1.7-no-reddit__1B__seed-5__step-69369,5,69369,auxiliary,REPORTED (draft: seed 2 is the default run; auxiliary runs below 1B stop at 25 percent of the 1B budget); npz batch flag OBSERVED
dolma1.7-no-reddit__300M,dolma1.7-no-reddit,300M,dolma1.7-no-reddit__300M__seed-2__step-45000,2,45000,default,REPORTED (draft: seed 2 is the default run; auxiliary runs below 1B stop at 25 percent of the 1B budget); npz batch flag OBSERVED
dolma1.7-no-reddit__300M,dolma1.7-no-reddit,300M,dolma1.7-no-reddit__300M__seed-14__step-45000,14,45000,auxiliary,REPORTED (draft: seed 2 is the default run; auxiliary runs below 1B stop at 25 percent of the 1B budget); npz batch flag OBSERVED
dolma1.7-no-reddit__300M,dolma1.7-no-reddit,300M,dolma1.7-no-reddit__300M__seed-15__step-45000,15,45000,auxiliary,REPORTED (draft: seed 2 is the default run; auxiliary runs below 1B stop at 25 percent of the 1B budget); npz batch flag OBSERVED
dolma1.7-no-reddit__530M,dolma1.7-no-reddit,530M,dolma1.7-no-reddit__530M__seed-2__step-51250,2,51250,default,REPORTED (draft: seed 2 is the default run; auxiliary runs below 1B stop at 25 percent of the 1B budget); npz batch flag OBSERVED
dolma1.7-no-reddit__530M,dolma1.7-no-reddit,530M,dolma1.7-no-reddit__530M__seed-14__step-51250,14,51250,auxiliary,REPORTED (draft: seed 2 is the default run; auxiliary runs below 1B stop at 25 percent of the 1B budget); npz batch flag OBSERVED
dolma1.7-no-reddit__530M,dolma1.7-no-reddit,530M,dolma1.7-no-reddit__530M__seed-15__step-51250,15,51250,auxiliary,REPORTED (draft: seed 2 is the default run; auxiliary runs below 1B stop at 25 percent of the 1B budget); npz batch flag OBSERVED
dolma1.7-no-reddit__750M,dolma1.7-no-reddit,750M,dolma1.7-no-reddit__750M__seed-2__step-27500,2,27500,default,REPORTED (draft: seed 2 is the default run; auxiliary runs below 1B stop at 25 percent of the 1B budget); npz batch flag OBSERVED
dolma1.7-no-reddit__750M,dolma1.7-no-reddit,750M,dolma1.7-no-reddit__750M__seed-14__step-27500,14,27500,auxiliary,REPORTED (draft: seed 2 is the default run; auxiliary runs below 1B stop at 25 percent of the 1B budget); npz batch flag OBSERVED
dolma1.7-no-reddit__750M,dolma1.7-no-reddit,750M,dolma1.7-no-reddit__750M__seed-15__step-27500,15,27500,auxiliary,REPORTED (draft: seed 2 is the default run; auxiliary runs below 1B stop at 25 percent of the 1B budget); npz batch flag OBSERVED
falcon__150M,falcon,150M,falcon__150M__seed-2__step-37500,2,37500,default,REPORTED (draft: seed 2 is the default run; auxiliary runs below 1B stop at 25 percent of the 1B budget); npz batch flag OBSERVED
falcon__150M,falcon,150M,falcon__150M__seed-14__step-37500,14,37500,auxiliary,REPORTED (draft: seed 2 is the default run; auxiliary runs below 1B stop at 25 percent of the 1B budget); npz batch flag OBSERVED
falcon__150M,falcon,150M,falcon__150M__seed-15__step-37500,15,37500,auxiliary,REPORTED (draft: seed 2 is the default run; auxiliary runs below 1B stop at 25 percent of the 1B budget); npz batch flag OBSERVED
falcon__1B,falcon,1B,falcon__1B__seed-2__step-69369,2,69369,default,REPORTED (draft: seed 2 is the default run; auxiliary runs below 1B stop at 25 percent of the 1B budget); npz batch flag OBSERVED
falcon__1B,falcon,1B,falcon__1B__seed-4__step-69369,4,69369,auxiliary,REPORTED (draft: seed 2 is the default run; auxiliary runs below 1B stop at 25 percent of the 1B budget); npz batch flag OBSERVED
falcon__1B,falcon,1B,falcon__1B__seed-5__step-69369,5,69369,auxiliary,REPORTED (draft: seed 2 is the default run; auxiliary runs below 1B stop at 25 percent of the 1B budget); npz batch flag OBSERVED
falcon__300M,falcon,300M,falcon__300M__seed-2__step-45000,2,45000,default,REPORTED (draft: seed 2 is the default run; auxiliary runs below 1B stop at 25 percent of the 1B budget); npz batch flag OBSERVED
falcon__300M,falcon,300M,falcon__300M__seed-14__step-45000,14,45000,auxiliary,REPORTED (draft: seed 2 is the default run; auxiliary runs below 1B stop at 25 percent of the 1B budget); npz batch flag OBSERVED
falcon__300M,falcon,300M,falcon__300M__seed-15__step-45000,15,45000,auxiliary,REPORTED (draft: seed 2 is the default run; auxiliary runs below 1B stop at 25 percent of the 1B budget); npz batch flag OBSERVED
falcon__530M,falcon,530M,falcon__530M__seed-2__step-51250,2,51250,default,REPORTED (draft: seed 2 is the default run; auxiliary runs below 1B stop at 25 percent of the 1B budget); npz batch flag OBSERVED
falcon__530M,falcon,530M,falcon__530M__seed-14__step-51250,14,51250,auxiliary,REPORTED (draft: seed 2 is the default run; auxiliary runs below 1B stop at 25 percent of the 1B budget); npz batch flag OBSERVED
falcon__530M,falcon,530M,falcon__530M__seed-15__step-51250,15,51250,auxiliary,REPORTED (draft: seed 2 is the default run; auxiliary runs below 1B stop at 25 percent of the 1B budget); npz batch flag OBSERVED
falcon__750M,falcon,750M,falcon__750M__seed-2__step-26250,2,26250,default,REPORTED (draft: seed 2 is the default run; auxiliary runs below 1B stop at 25 percent of the 1B budget); npz batch flag OBSERVED
falcon__750M,falcon,750M,falcon__750M__seed-14__step-26250,14,26250,auxiliary,REPORTED (draft: seed 2 is the default run; auxiliary runs below 1B stop at 25 percent of the 1B budget); npz batch flag OBSERVED
falcon__750M,falcon,750M,falcon__750M__seed-15__step-26250,15,26250,auxiliary,REPORTED (draft: seed 2 is the default run; auxiliary runs below 1B stop at 25 percent of the 1B budget); npz batch flag OBSERVED
falcon-with-cc__150M,falcon-with-cc,150M,falcon-with-cc__150M__seed-2__step-37500,2,37500,default,REPORTED (draft: seed 2 is the default run; auxiliary runs below 1B stop at 25 percent of the 1B budget); npz batch flag OBSERVED
falcon-with-cc__150M,falcon-with-cc,150M,falcon-with-cc__150M__seed-14__step-37500,14,37500,auxiliary,REPORTED (draft: seed 2 is the default run; auxiliary runs below 1B stop at 25 percent of the 1B budget); npz batch flag OBSERVED
falcon-with-cc__150M,falcon-with-cc,150M,falcon-with-cc__150M__seed-15__step-37500,15,37500,auxiliary,REPORTED (draft: seed 2 is the default run; auxiliary runs below 1B stop at 25 percent of the 1B budget); npz batch flag OBSERVED
falcon-with-cc__1B,falcon-with-cc,1B,falcon-with-cc__1B__seed-2__step-69369,2,69369,default,REPORTED (draft: seed 2 is the default run; auxiliary runs below 1B stop at 25 percent of the 1B budget); npz batch flag OBSERVED
falcon-with-cc__1B,falcon-with-cc,1B,falcon-with-cc__1B__seed-4__step-69369,4,69369,auxiliary,REPORTED (draft: seed 2 is the default run; auxiliary runs below 1B stop at 25 percent of the 1B budget); npz batch flag OBSERVED
falcon-with-cc__1B,falcon-with-cc,1B,falcon-with-cc__1B__seed-5__step-69369,5,69369,auxiliary,REPORTED (draft: seed 2 is the default run; auxiliary runs below 1B stop at 25 percent of the 1B budget); npz batch flag OBSERVED
falcon-with-cc__300M,falcon-with-cc,300M,falcon-with-cc__300M__seed-2__step-45787,2,45787,default,REPORTED (draft: seed 2 is the default run; auxiliary runs below 1B stop at 25 percent of the 1B budget); npz batch flag OBSERVED
falcon-with-cc__300M,falcon-with-cc,300M,falcon-with-cc__300M__seed-14__step-45787,14,45787,auxiliary,REPORTED (draft: seed 2 is the default run; auxiliary runs below 1B stop at 25 percent of the 1B budget); npz batch flag OBSERVED
falcon-with-cc__300M,falcon-with-cc,300M,falcon-with-cc__300M__seed-15__step-45787,15,45787,auxiliary,REPORTED (draft: seed 2 is the default run; auxiliary runs below 1B stop at 25 percent of the 1B budget); npz batch flag OBSERVED
falcon-with-cc__530M,falcon-with-cc,530M,falcon-with-cc__530M__seed-2__step-51250,2,51250,default,REPORTED (draft: seed 2 is the default run; auxiliary runs below 1B stop at 25 percent of the 1B budget); npz batch flag OBSERVED
falcon-with-cc__530M,falcon-with-cc,530M,falcon-with-cc__530M__seed-14__step-51250,14,51250,auxiliary,REPORTED (draft: seed 2 is the default run; auxiliary runs below 1B stop at 25 percent of the 1B budget); npz batch flag OBSERVED
falcon-with-cc__530M,falcon-with-cc,530M,falcon-with-cc__530M__seed-15__step-51250,15,51250,auxiliary,REPORTED (draft: seed 2 is the default run; auxiliary runs below 1B stop at 25 percent of the 1B budget); npz batch flag OBSERVED
falcon-with-cc__750M,falcon-with-cc,750M,falcon-with-cc__750M__seed-2__step-27500,2,27500,default,REPORTED (draft: seed 2 is the default run; auxiliary runs below 1B stop at 25 percent of the 1B budget); npz batch flag OBSERVED
falcon-with-cc__750M,falcon-with-cc,750M,falcon-with-cc__750M__seed-14__step-27500,14,27500,auxiliary,REPORTED (draft: seed 2 is the default run; auxiliary runs below 1B stop at 25 percent of the 1B budget); npz batch flag OBSERVED
falcon-with-cc__750M,falcon-with-cc,750M,falcon-with-cc__750M__seed-15__step-27500,15,27500,auxiliary,REPORTED (draft: seed 2 is the default run; auxiliary runs below 1B stop at 25 percent of the 1B budget); npz batch flag OBSERVED
falcon-with-cc-top-10p__150M,falcon-with-cc-top-10p,150M,falcon-with-cc-top-10p__150M__seed-2__step-37500,2,37500,default,REPORTED (draft: seed 2 is the default run; auxiliary runs below 1B stop at 25 percent of the 1B budget); npz batch flag OBSERVED
falcon-with-cc-top-10p__150M,falcon-with-cc-top-10p,150M,falcon-with-cc-top-10p__150M__seed-14__step-37500,14,37500,auxiliary,REPORTED (draft: seed 2 is the default run; auxiliary runs below 1B stop at 25 percent of the 1B budget); npz batch flag OBSERVED
falcon-with-cc-top-10p__150M,falcon-with-cc-top-10p,150M,falcon-with-cc-top-10p__150M__seed-15__step-37500,15,37500,auxiliary,REPORTED (draft: seed 2 is the default run; auxiliary runs below 1B stop at 25 percent of the 1B budget); npz batch flag OBSERVED
falcon-with-cc-top-10p__1B,falcon-with-cc-top-10p,1B,falcon-with-cc-top-10p__1B__seed-2__step-69369,2,69369,default,REPORTED (draft: seed 2 is the default run; auxiliary runs below 1B stop at 25 percent of the 1B budget); npz batch flag OBSERVED
falcon-with-cc-top-10p__1B,falcon-with-cc-top-10p,1B,falcon-with-cc-top-10p__1B__seed-4__step-69369,4,69369,auxiliary,REPORTED (draft: seed 2 is the default run; auxiliary runs below 1B stop at 25 percent of the 1B budget); npz batch flag OBSERVED
falcon-with-cc-top-10p__1B,falcon-with-cc-top-10p,1B,falcon-with-cc-top-10p__1B__seed-5__step-69369,5,69369,auxiliary,REPORTED (draft: seed 2 is the default run; auxiliary runs below 1B stop at 25 percent of the 1B budget); npz batch flag OBSERVED
falcon-with-cc-top-10p__300M,falcon-with-cc-top-10p,300M,falcon-with-cc-top-10p__300M__seed-2__step-45000,2,45000,default,REPORTED (draft: seed 2 is the default run; auxiliary runs below 1B stop at 25 percent of the 1B budget); npz batch flag OBSERVED
falcon-with-cc-top-10p__300M,falcon-with-cc-top-10p,300M,falcon-with-cc-top-10p__300M__seed-14__step-45000,14,45000,auxiliary,REPORTED (draft: seed 2 is the default run; auxiliary runs below 1B stop at 25 percent of the 1B budget); npz batch flag OBSERVED
falcon-with-cc-top-10p__300M,falcon-with-cc-top-10p,300M,falcon-with-cc-top-10p__300M__seed-15__step-45000,15,45000,auxiliary,REPORTED (draft: seed 2 is the default run; auxiliary runs below 1B stop at 25 percent of the 1B budget); npz batch flag OBSERVED
falcon-with-cc-top-10p__530M,falcon-with-cc-top-10p,530M,falcon-with-cc-top-10p__530M__seed-2__step-51250,2,51250,default,REPORTED (draft: seed 2 is the default run; auxiliary runs below 1B stop at 25 percent of the 1B budget); npz batch flag OBSERVED
falcon-with-cc-top-10p__530M,falcon-with-cc-top-10p,530M,falcon-with-cc-top-10p__530M__seed-14__step-51250,14,51250,auxiliary,REPORTED (draft: seed 2 is the default run; auxiliary runs below 1B stop at 25 percent of the 1B budget); npz batch flag OBSERVED
falcon-with-cc-top-10p__530M,falcon-with-cc-top-10p,530M,falcon-with-cc-top-10p__530M__seed-15__step-51250,15,51250,auxiliary,REPORTED (draft: seed 2 is the default run; auxiliary runs below 1B stop at 25 percent of the 1B budget); npz batch flag OBSERVED
falcon-with-cc-top-10p__750M,falcon-with-cc-top-10p,750M,falcon-with-cc-top-10p__750M__seed-2__step-27500,2,27500,default,REPORTED (draft: seed 2 is the default run; auxiliary runs below 1B stop at 25 percent of the 1B budget); npz batch flag OBSERVED
falcon-with-cc-top-10p__750M,falcon-with-cc-top-10p,750M,falcon-with-cc-top-10p__750M__seed-14__step-27500,14,27500,auxiliary,REPORTED (draft: seed 2 is the default run; auxiliary runs below 1B stop at 25 percent of the 1B budget); npz batch flag OBSERVED
falcon-with-cc-top-10p__750M,falcon-with-cc-top-10p,750M,falcon-with-cc-top-10p__750M__seed-15__step-27500,15,27500,auxiliary,REPORTED (draft: seed 2 is the default run; auxiliary runs below 1B stop at 25 percent of the 1B budget); npz batch flag OBSERVED
falcon-with-cc-top-20p__150M,falcon-with-cc-top-20p,150M,falcon-with-cc-top-20p__150M__seed-2__step-37500,2,37500,default,REPORTED (draft: seed 2 is the default run; auxiliary runs below 1B stop at 25 percent of the 1B budget); npz batch flag OBSERVED
falcon-with-cc-top-20p__150M,falcon-with-cc-top-20p,150M,falcon-with-cc-top-20p__150M__seed-14__step-37500,14,37500,auxiliary,REPORTED (draft: seed 2 is the default run; auxiliary runs below 1B stop at 25 percent of the 1B budget); npz batch flag OBSERVED
falcon-with-cc-top-20p__150M,falcon-with-cc-top-20p,150M,falcon-with-cc-top-20p__150M__seed-15__step-37500,15,37500,auxiliary,REPORTED (draft: seed 2 is the default run; auxiliary runs below 1B stop at 25 percent of the 1B budget); npz batch flag OBSERVED
falcon-with-cc-top-20p__1B,falcon-with-cc-top-20p,1B,falcon-with-cc-top-20p__1B__seed-2__step-69369,2,69369,default,REPORTED (draft: seed 2 is the default run; auxiliary runs below 1B stop at 25 percent of the 1B budget); npz batch flag OBSERVED
falcon-with-cc-top-20p__1B,falcon-with-cc-top-20p,1B,falcon-with-cc-top-20p__1B__seed-4__step-69369,4,69369,auxiliary,REPORTED (draft: seed 2 is the default run; auxiliary runs below 1B stop at 25 percent of the 1B budget); npz batch flag OBSERVED
falcon-with-cc-top-20p__1B,falcon-with-cc-top-20p,1B,falcon-with-cc-top-20p__1B__seed-5__step-69369,5,69369,auxiliary,REPORTED (draft: seed 2 is the default run; auxiliary runs below 1B stop at 25 percent of the 1B budget); npz batch flag OBSERVED
falcon-with-cc-top-20p__300M,falcon-with-cc-top-20p,300M,falcon-with-cc-top-20p__300M__seed-2__step-45000,2,45000,default,REPORTED (draft: seed 2 is the default run; auxiliary runs below 1B stop at 25 percent of the 1B budget); npz batch flag OBSERVED
falcon-with-cc-top-20p__300M,falcon-with-cc-top-20p,300M,falcon-with-cc-top-20p__300M__seed-14__step-45000,14,45000,auxiliary,REPORTED (draft: seed 2 is the default run; auxiliary runs below 1B stop at 25 percent of the 1B budget); npz batch flag OBSERVED
falcon-with-cc-top-20p__300M,falcon-with-cc-top-20p,300M,falcon-with-cc-top-20p__300M__seed-15__step-45000,15,45000,auxiliary,REPORTED (draft: seed 2 is the default run; auxiliary runs below 1B stop at 25 percent of the 1B budget); npz batch flag OBSERVED
falcon-with-cc-top-20p__530M,falcon-with-cc-top-20p,530M,falcon-with-cc-top-20p__530M__seed-2__step-51250,2,51250,default,REPORTED (draft: seed 2 is the default run; auxiliary runs below 1B stop at 25 percent of the 1B budget); npz batch flag OBSERVED
falcon-with-cc-top-20p__530M,falcon-with-cc-top-20p,530M,falcon-with-cc-top-20p__530M__seed-14__step-51250,14,51250,auxiliary,REPORTED (draft: seed 2 is the default run; auxiliary runs below 1B stop at 25 percent of the 1B budget); npz batch flag OBSERVED
falcon-with-cc-top-20p__530M,falcon-with-cc-top-20p,530M,falcon-with-cc-top-20p__530M__seed-15__step-51250,15,51250,auxiliary,REPORTED (draft: seed 2 is the default run; auxiliary runs below 1B stop at 25 percent of the 1B budget); npz batch flag OBSERVED
falcon-with-cc-top-20p__750M,falcon-with-cc-top-20p,750M,falcon-with-cc-top-20p__750M__seed-2__step-27500,2,27500,default,REPORTED (draft: seed 2 is the default run; auxiliary runs below 1B stop at 25 percent of the 1B budget); npz batch flag OBSERVED
falcon-with-cc-top-20p__750M,falcon-with-cc-top-20p,750M,falcon-with-cc-top-20p__750M__seed-14__step-27500,14,27500,auxiliary,REPORTED (draft: seed 2 is the default run; auxiliary runs below 1B stop at 25 percent of the 1B budget); npz batch flag OBSERVED
falcon-with-cc-top-20p__750M,falcon-with-cc-top-20p,750M,falcon-with-cc-top-20p__750M__seed-15__step-27500,15,27500,auxiliary,REPORTED (draft: seed 2 is the default run; auxiliary runs below 1B stop at 25 percent of the 1B budget); npz batch flag OBSERVED
fineweb-edu__150M,fineweb-edu,150M,fineweb-edu__150M__seed-2__step-37500,2,37500,default,REPORTED (draft: seed 2 is the default run; auxiliary runs below 1B stop at 25 percent of the 1B budget); npz batch flag OBSERVED
fineweb-edu__150M,fineweb-edu,150M,fineweb-edu__150M__seed-14__step-37500,14,37500,auxiliary,REPORTED (draft: seed 2 is the default run; auxiliary runs below 1B stop at 25 percent of the 1B budget); npz batch flag OBSERVED
fineweb-edu__150M,fineweb-edu,150M,fineweb-edu__150M__seed-15__step-37500,15,37500,auxiliary,REPORTED (draft: seed 2 is the default run; auxiliary runs below 1B stop at 25 percent of the 1B budget); npz batch flag OBSERVED
fineweb-edu__1B,fineweb-edu,1B,fineweb-edu__1B__seed-2__step-69369,2,69369,default,REPORTED (draft: seed 2 is the default run; auxiliary runs below 1B stop at 25 percent of the 1B budget); npz batch flag OBSERVED
fineweb-edu__1B,fineweb-edu,1B,fineweb-edu__1B__seed-4__step-69369,4,69369,auxiliary,REPORTED (draft: seed 2 is the default run; auxiliary runs below 1B stop at 25 percent of the 1B budget); npz batch flag OBSERVED
fineweb-edu__1B,fineweb-edu,1B,fineweb-edu__1B__seed-5__step-69369,5,69369,auxiliary,REPORTED (draft: seed 2 is the default run; auxiliary runs below 1B stop at 25 percent of the 1B budget); npz batch flag OBSERVED
fineweb-edu__300M,fineweb-edu,300M,fineweb-edu__300M__seed-2__step-45787,2,45787,default,REPORTED (draft: seed 2 is the default run; auxiliary runs below 1B stop at 25 percent of the 1B budget); npz batch flag OBSERVED
fineweb-edu__300M,fineweb-edu,300M,fineweb-edu__300M__seed-14__step-45787,14,45787,auxiliary,REPORTED (draft: seed 2 is the default run; auxiliary runs below 1B stop at 25 percent of the 1B budget); npz batch flag OBSERVED
fineweb-edu__300M,fineweb-edu,300M,fineweb-edu__300M__seed-15__step-45787,15,45787,auxiliary,REPORTED (draft: seed 2 is the default run; auxiliary runs below 1B stop at 25 percent of the 1B budget); npz batch flag OBSERVED
fineweb-edu__530M,fineweb-edu,530M,fineweb-edu__530M__seed-2__step-51250,2,51250,default,REPORTED (draft: seed 2 is the default run; auxiliary runs below 1B stop at 25 percent of the 1B budget); npz batch flag OBSERVED
fineweb-edu__530M,fineweb-edu,530M,fineweb-edu__530M__seed-14__step-51250,14,51250,auxiliary,REPORTED (draft: seed 2 is the default run; auxiliary runs below 1B stop at 25 percent of the 1B budget); npz batch flag OBSERVED
fineweb-edu__530M,fineweb-edu,530M,fineweb-edu__530M__seed-15__step-51250,15,51250,auxiliary,REPORTED (draft: seed 2 is the default run; auxiliary runs below 1B stop at 25 percent of the 1B budget); npz batch flag OBSERVED
fineweb-edu__750M,fineweb-edu,750M,fineweb-edu__750M__seed-2__step-27500,2,27500,default,REPORTED (draft: seed 2 is the default run; auxiliary runs below 1B stop at 25 percent of the 1B budget); npz batch flag OBSERVED
fineweb-edu__750M,fineweb-edu,750M,fineweb-edu__750M__seed-14__step-27500,14,27500,auxiliary,REPORTED (draft: seed 2 is the default run; auxiliary runs below 1B stop at 25 percent of the 1B budget); npz batch flag OBSERVED
fineweb-edu__750M,fineweb-edu,750M,fineweb-edu__750M__seed-15__step-27500,15,27500,auxiliary,REPORTED (draft: seed 2 is the default run; auxiliary runs below 1B stop at 25 percent of the 1B budget); npz batch flag OBSERVED
fineweb-pro__150M,fineweb-pro,150M,fineweb-pro__150M__seed-2__step-37500,2,37500,default,REPORTED (draft: seed 2 is the default run; auxiliary runs below 1B stop at 25 percent of the 1B budget); npz batch flag OBSERVED
fineweb-pro__150M,fineweb-pro,150M,fineweb-pro__150M__seed-14__step-37500,14,37500,auxiliary,REPORTED (draft: seed 2 is the default run; auxiliary runs below 1B stop at 25 percent of the 1B budget); npz batch flag OBSERVED
fineweb-pro__150M,fineweb-pro,150M,fineweb-pro__150M__seed-15__step-37500,15,37500,auxiliary,REPORTED (draft: seed 2 is the default run; auxiliary runs below 1B stop at 25 percent of the 1B budget); npz batch flag OBSERVED
fineweb-pro__1B,fineweb-pro,1B,fineweb-pro__1B__seed-2__step-69369,2,69369,default,REPORTED (draft: seed 2 is the default run; auxiliary runs below 1B stop at 25 percent of the 1B budget); npz batch flag OBSERVED
fineweb-pro__1B,fineweb-pro,1B,fineweb-pro__1B__seed-4__step-69369,4,69369,auxiliary,REPORTED (draft: seed 2 is the default run; auxiliary runs below 1B stop at 25 percent of the 1B budget); npz batch flag OBSERVED
fineweb-pro__1B,fineweb-pro,1B,fineweb-pro__1B__seed-5__step-69369,5,69369,auxiliary,REPORTED (draft: seed 2 is the default run; auxiliary runs below 1B stop at 25 percent of the 1B budget); npz batch flag OBSERVED
fineweb-pro__300M,fineweb-pro,300M,fineweb-pro__300M__seed-2__step-45000,2,45000,default,REPORTED (draft: seed 2 is the default run; auxiliary runs below 1B stop at 25 percent of the 1B budget); npz batch flag OBSERVED
fineweb-pro__300M,fineweb-pro,300M,fineweb-pro__300M__seed-14__step-45000,14,45000,auxiliary,REPORTED (draft: seed 2 is the default run; auxiliary runs below 1B stop at 25 percent of the 1B budget); npz batch flag OBSERVED
fineweb-pro__300M,fineweb-pro,300M,fineweb-pro__300M__seed-15__step-45000,15,45000,auxiliary,REPORTED (draft: seed 2 is the default run; auxiliary runs below 1B stop at 25 percent of the 1B budget); npz batch flag OBSERVED
fineweb-pro__530M,fineweb-pro,530M,fineweb-pro__530M__seed-2__step-51250,2,51250,default,REPORTED (draft: seed 2 is the default run; auxiliary runs below 1B stop at 25 percent of the 1B budget); npz batch flag OBSERVED
fineweb-pro__530M,fineweb-pro,530M,fineweb-pro__530M__seed-14__step-51250,14,51250,auxiliary,REPORTED (draft: seed 2 is the default run; auxiliary runs below 1B stop at 25 percent of the 1B budget); npz batch flag OBSERVED
fineweb-pro__530M,fineweb-pro,530M,fineweb-pro__530M__seed-15__step-51250,15,51250,auxiliary,REPORTED (draft: seed 2 is the default run; auxiliary runs below 1B stop at 25 percent of the 1B budget); npz batch flag OBSERVED
fineweb-pro__750M,fineweb-pro,750M,fineweb-pro__750M__seed-2__step-27500,2,27500,default,REPORTED (draft: seed 2 is the default run; auxiliary runs below 1B stop at 25 percent of the 1B budget); npz batch flag OBSERVED
fineweb-pro__750M,fineweb-pro,750M,fineweb-pro__750M__seed-14__step-27500,14,27500,auxiliary,REPORTED (draft: seed 2 is the default run; auxiliary runs below 1B stop at 25 percent of the 1B budget); npz batch flag OBSERVED
fineweb-pro__750M,fineweb-pro,750M,fineweb-pro__750M__seed-15__step-27500,15,27500,auxiliary,REPORTED (draft: seed 2 is the default run; auxiliary runs below 1B stop at 25 percent of the 1B budget); npz batch flag OBSERVED
